Book Id,Title,Author,Author l-f,Additional Authors,ISBN,ISBN13,My Rating,Average Rating,Publisher,Binding,Number of Pages,Year Published,Original Publication Year,Date Read,Date Added,Bookshelves,Bookshelves with positions,Exclusive Shelf,My Review,Spoiler,Private Notes,Read Count,Owned Copies
7720252,Beautiful Malice,Rebecca  James,"James, Rebecca",,"=""0553808052""","=""9780553808056""",5,3.74,Bantam,Hardcover,272,2010,2010,,2023/11/08,,,read,,,,1,0
52715989,Writers & Lovers,Lily King,"King, Lily",,"=""0802148530""","=""9780802148537""",0,4.03,Grove Press,Hardcover,324,2020,2020,,2023/11/12,to-read,to-read (#213),to-read,,,,0,0
52656911,The Guest List,Lucy Foley,"Foley, Lucy",,"=""""","=""""",0,3.83,William Morrow,Kindle Edition,319,2020,2020,,2023/11/12,to-read,to-read (#212),to-read,,,,0,0
157062582,"The Mystery Guest (Molly the Maid, #2)",Nita Prose,"Prose, Nita",,"=""0593356187""","=""9780593356180""",0,4.03,Ballantine Books,Hardcover,304,2023,2023,,2023/11/12,to-read,to-read (#211),to-read,,,,0,0
2884957,"Berlinerpoplene (Familien Neshov, #1)",Anne B. Ragde,"Ragde, Anne B.",,"=""""","=""9788249502721""",0,3.80,Oktober ,Hardcover,313,2004,2004,,2023/11/12,to-read,to-read (#210),to-read,,,,0,0
6014300,"Trollvinter (Mumintrollen, #6)",Tove Jansson,"Jansson, Tove",,"=""9150104756""","=""9789150104752""",0,4.41,Alfabeta,Hardcover,134,2004,1957,,2023/11/12,to-read,to-read (#209),to-read,,,,0,0
22557272,The Girl on the Train,Paula Hawkins,"Hawkins, Paula",,"=""1594633665""","=""9781594633669""",0,3.96,Riverhead Books,Hardcover,336,2015,2015,,2023/11/12,to-read,to-read (#208),to-read,,,,0,0
54493401,Project Hail Mary,Andy Weir,"Weir, Andy",,"=""0593135202""","=""9780593135204""",0,4.51,Ballantine Books,Hardcover,476,2021,2021,,2023/11/12,to-read,to-read (#207),to-read,,,,0,0
28257707,The Subtle Art of Not Giving a F*ck: A Counterintuitive Approach to Living a Good Life,Mark Manson,"Manson, Mark",,"=""""","=""""",0,3.90,Harper,Paperback,212,2016,2016,,2023/11/12,to-read,to-read (#206),to-read,,,,0,0
89723,The Lottery and Other Stories,Shirley Jackson,"Jackson, Shirley",A.M. Homes,"=""0374529531""","=""9780374529536""",0,4.04,"Farrar, Straus and Giroux",Paperback,302,2005,1949,,2023/11/11,to-read,to-read (#205),to-read,,,,0,0
152,Anna Karenina,Leo Tolstoy,"Tolstoy, Leo","David Magarshack, Priscilla Meyer","=""""","=""""",0,4.09,Signet,Mass Market Paperback,960,2002,1878,,2023/11/11,to-read,to-read (#204),to-read,,,,0,0
54814676,Crying in H Mart,Michelle Zauner,"Zauner, Michelle",,"=""0525657746""","=""9780525657743""",0,4.27,Knopf,Hardcover,256,2021,2021,,2023/11/11,to-read,to-read (#203),to-read,,,,0,0
286957,The Yellow Wall-Paper,Charlotte Perkins Gilman,"Gilman, Charlotte Perkins",Elaine Hedges,"=""1558611584""","=""9781558611580""",0,4.10,The Feminist Press at CUNY,Paperback,64,1996,1892,,2023/11/11,to-read,to-read (#202),to-read,,,,0,0
51704136,Little Fires Everywhere,Celeste Ng,"Ng, Celeste",,"=""0143135163""","=""9780143135166""",0,4.08,Penguin Books,Paperback,368,2020,2017,,2023/11/11,to-read,to-read (#201),to-read,,,,0,0
18045891,Sharp Objects,Gillian Flynn,"Flynn, Gillian",,"=""""","=""""",0,4.01,Broadway Paperbacks,Paperback,254,2007,2006,,2023/11/11,to-read,to-read (#200),to-read,,,,0,0
56618275,"Sykt flink: Hvis du alltid kan bli bedre, blir du aldri god nok",Lars Halse Kneppe,"Kneppe, Lars Halse",,"=""8202687756""","=""9788202687755""",0,3.63,Cappelen Damm,Hardcover,128,2021,2021,,2023/11/08,to-read,to-read (#199),to-read,,,,0,0
5204,We Were the Mulvaneys,Joyce Carol Oates,"Oates, Joyce Carol",,"=""0452282829""","=""9780452282827""",0,3.74,Plume,Paperback,454,1997,1996,,2023/11/08,to-read,to-read (#198),to-read,,,,0,0
17312023,Greven av Monte Cristo,Alexandre Dumas,"Dumas, Alexandre",,"=""""","=""9788203252266""",0,4.29,Aschehoug,ebook,472,2010,1844,,2023/11/08,to-read,to-read (#197),to-read,,,,0,0
11733840,"Flickan med snö i håret (Hagfors, #1)",Ninni Schulman,"Schulman, Ninni",,"=""9170018634""","=""9789170018633""",0,3.57,Månpocket,Mass Market Paperback,352,2011,2010,,2023/11/08,to-read,to-read (#196),to-read,,,,0,0
40604684,"The History of Bees (Klimakvartetten, #1)",Maja Lunde,"Lunde, Maja",Diane Oatley,"=""""","=""""",0,3.81,Touchstone,Kindle Edition,353,2017,2015,,2023/11/08,to-read,to-read (#195),to-read,,,,0,0
16527,Daughter of Fortune,Isabel Allende,"Allende, Isabel",,"=""0061120251""","=""9780061120251""",0,3.93,Harper Perennial,Paperback,432,2006,1998,,2023/11/08,to-read,to-read (#194),to-read,,,,0,0
24790,Paula,Isabel Allende,"Allende, Isabel",,"=""849759388X""","=""9788497593885""",0,4.18,DEBOLSILLO,Paperback,432,2003,1994,,2023/11/08,to-read,to-read (#193),to-read,,,,0,0
13131625,Sweet Damage,Rebecca  James,"James, Rebecca",,"=""1742373011""","=""9781742373010""",0,3.84,Allen and Unwin,Paperback,336,2013,2013,,2023/11/06,to-read,to-read (#192),to-read,,,,0,0
23604559,My Grandmother Asked Me to Tell You She's Sorry,Fredrik Backman,"Backman, Fredrik",Henning Koch,"=""1501115065""","=""9781501115066""",4,4.08,Atria Books,Hardcover,372,2015,2013,,2023/04/24,,,read,,,,1,0
116536542,"Things We Left Behind (Knockemout, #3)",Lucy Score,"Score, Lucy",,"=""""","=""9798886439298""",5,4.47,That's What She Said Publishing,Kindle Edition,592,2023,2023,,2023/10/29,,,read,,,,1,0
193388249,Killers of the Flower Moon: The Osage Murders and the Birth of the FBI,David Grann,"Grann, David",,"=""0593470834""","=""9780593470831""",0,4.15,Vintage,Paperback,416,2023,2017,,2023/10/27,to-read,to-read (#191),to-read,,,,0,0
25734172,Seven Brief Lessons on Physics,Carlo Rovelli,"Rovelli, Carlo",,"=""0399184414""","=""9780399184413""",0,3.98,Riverhead Books,Hardcover,81,2016,2014,,2023/10/27,to-read,to-read (#190),to-read,,,,0,0
32085,"All Creatures Great and Small (All Creatures Great and Small, #1-2)",James Herriot,"Herriot, James",,"=""0312965788""","=""9780312965785""",0,4.34,St. Martin's Paperbacks,Mass Market Paperback,437,1998,1972,,2023/10/27,to-read,to-read (#189),to-read,,,,0,0
27293395,The Sting of the Wild,Justin O. Schmidt,"Schmidt, Justin O.",,"=""1421419289""","=""9781421419282""",0,4.08,Johns Hopkins University Press,Hardcover,257,2016,2016,,2023/10/27,to-read,to-read (#188),to-read,,,,0,0
52459864,"Iron Widow (Iron Widow, #1)",Xiran Jay Zhao,"Zhao, Xiran Jay",,"=""0735269939""","=""9780735269934""",0,4.09,Penguin Teen,Hardcover,391,2021,2021,,2023/10/27,to-read,to-read (#187),to-read,,,,0,0
53427947,"The Murderbot Diaries #1-4: : All Systems Red, Artificial Condition, Rogue Protocol, Exit Strategy",Martha Wells,"Wells, Martha",,"=""1250784271""","=""9781250784278""",0,4.30,Tor,Hardcover,,2020,2019,,2023/10/27,to-read,to-read (#186),to-read,,,,0,0
6437061,"The Hundred Thousand Kingdoms (Inheritance, #1)",N.K. Jemisin,"Jemisin, N.K.",,"=""0316043915""","=""9780316043915""",0,3.89,Hachette Book Group Orbit,Paperback,427,2010,2010,,2023/10/27,to-read,to-read (#185),to-read,,,,0,0
56732449,The Love Hypothesis,Ali Hazelwood,"Hazelwood, Ali",,"=""0593336828""","=""9780593336823""",0,4.17,Berkley Books,Paperback,383,2021,2021,,2023/10/23,to-read,to-read (#184),to-read,,,,0,0
56852407,Billy Summers,Stephen King,"King, Stephen",,"=""1982173610""","=""9781982173616""",0,4.21,Scribner,Hardcover,515,2021,2021,,2023/10/23,to-read,to-read (#183),to-read,,,,0,0
53024322,"Wild at Heart (Wild, #2)",K.A. Tucker,"Tucker, K.A.",,"=""""","=""9781999015411""",0,4.17,K. A. Tucker,ebook,472,2020,2020,,2023/10/23,to-read,to-read (#182),to-read,,,,0,0
36373564,"The Simple Wild (Wild, #1)",K.A. Tucker,"Tucker, K.A.",,"=""1501133438""","=""9781501133435""",5,4.32,Atria Books,Paperback,400,2018,2018,,2023/10/23,,,read,,,,1,0
60060431,"Things We Never Got Over (Knockemout, #1)",Lucy Score,"Score, Lucy",,"=""1945631848""","=""9781945631849""",5,4.19,That's What She Said Publishing,Kindle Edition,572,2022,2022,,2023/10/12,,,read,,,,2,0
36217425,"Th1rt3en (Eddie Flynn, #4)",Steve Cavanagh,"Cavanagh, Steve",,"=""1409170667""","=""9781409170662""",0,4.22,Orion,Paperback,356,2018,2018,,2023/10/22,to-read,to-read (#181),to-read,,,,0,0
127593128,The Last Language,Jennifer duBois,"duBois, Jennifer",,"=""1639551093""","=""9781639551095""",0,4.33,Milkweed Editions,Kindle Edition,240,2023,2023,,2023/10/21,to-read,to-read (#180),to-read,,,,0,0
61149872,The Inmate,Freida McFadden,"McFadden, Freida",,"=""""","=""""",5,4.11,Hollywood Upstairs Press ,Kindle Edition,388,2022,2022,,2023/07/01,,,read,,,,1,0
62080187,Never Lie,Freida McFadden,"McFadden, Freida",,"=""""","=""""",5,4.15,Hollywood Upstairs Press,Kindle Edition,286,2022,2022,,2023/08/21,,,read,,,,1,0
57947773,Elskeren,Helene Flood,"Flood, Helene",,"=""8203366414""","=""9788203366413""",0,3.51,Aschehoug,Hardcover,449,2021,2021,,2023/10/12,to-read,to-read (#179),to-read,,,,0,0
44890081,My Dark Vanessa,Kate Elizabeth Russell,"Russell, Kate Elizabeth",,"=""006294150X""","=""9780062941503""",0,4.09,William Morrow,Hardcover,373,2020,2020,,2023/09/30,to-read,to-read (#178),to-read,,,,0,0
63094957,The Rachel Incident,Caroline O'Donoghue,"O'Donoghue, Caroline",,"=""0593535707""","=""9780593535707""",0,4.15,Knopf,Hardcover,304,2023,2023,,2023/09/30,to-read,to-read (#177),to-read,,,,0,0
62369331,The Secret,Gemma Rogers,"Rogers, Gemma",,"=""""","=""""",2,3.51,Boldwood Books,Kindle Edition,312,2020,,,2023/09/29,,,read,,,,1,0
19288043,Gone Girl,Gillian Flynn,"Flynn, Gillian",,"=""""","=""""",5,4.13,Broadway Books,Paperback,456,2014,2012,,2023/09/13,,,read,,,,1,0
62952130,The Vaster Wilds,Lauren Groff,"Groff, Lauren",,"=""0593418395""","=""9780593418390""",0,3.86,Riverhead Books,Hardcover,272,2023,2023,,2023/09/17,to-read,to-read (#176),to-read,,,,0,0
123257687,"Assistant to the Villain (Assistant to the Villain, #1)",Hannah Nicole Maehrer,"Maehrer, Hannah Nicole",,"=""1649375808""","=""9781649375803""",0,3.97,Entangled Publishing: Red Tower Books,Paperback,352,2023,2023,,2023/09/17,to-read,to-read (#175),to-read,,,,0,0
60376806,Night Train to the Stars,Kenji Miyazawa,"Miyazawa, Kenji",John Bester,"=""178487776X""","=""9781784877767""",0,3.84,Vintage Classics,Hardcover,230,2022,1934,,2023/04/26,to-read,to-read (#109),to-read,,,,0,0
58294567,The Language of Food,Annabel Abbs,"Abbs, Annabel",,"=""1398502227""","=""9781398502222""",0,3.92,Simon & Schuster UK,Hardcover,416,2022,2021,,2023/09/16,to-read,to-read (#174),to-read,,,,0,0
45047384,"The House in the Cerulean Sea (The House in the Cerulean Sea, #1)",T.J. Klune,"Klune, T.J.",,"=""""","=""""",4,4.42,Tor Books,Kindle Edition,394,2020,2020,,2023/07/28,,,read,,,,1,0
41104077,Invisible Women: Data Bias in a World Designed for Men,Caroline Criado Pérez,"Pérez, Caroline Criado",,"=""1419729071""","=""9781419729072""",3,4.36,Abrams Press,Hardcover,318,2019,2019,,2023/08/22,,,read,,,,1,0
57361474,Local Woman Missing,Mary Kubica,"Kubica, Mary",,"=""077831166X""","=""9780778311669""",3,4.15,Harlequin,Paperback,378,2021,2021,,2023/09/08,,,read,,,,1,0
40097951,The Silent Patient,Alex Michaelides,"Michaelides, Alex",,"=""1250301696""","=""9781250301697""",5,4.18,Celadon Books,Hardcover,336,2019,2019,,2023/07/28,,,read,,,,1,0
8686068,"The Devotion of Suspect X (Detective Galileo, #1)",Keigo Higashino,"Higashino, Keigo","Alexander O. Smith, Elye J. Alexander","=""0312375069""","=""9780312375065""",3,4.16,Minotaur Books,Hardcover,298,2011,2005,,2023/08/21,,,read,,,,1,0
29044,The Secret History,Donna Tartt,"Tartt, Donna",,"=""1400031702""","=""9781400031702""",2,4.17,Vintage,Paperback,559,1992,1992,,2023/06/16,did-not-finish,did-not-finish (#3),read,,,,1,0
21853621,The Nightingale,Kristin Hannah,"Hannah, Kristin",,"=""0312577222""","=""9780312577223""",5,4.61,St. Martin's Press,Hardcover,440,2015,2015,,2020/06/19,,,read,,,,1,0
62060421,The Girlfriend,K.L. Slater,"Slater, K.L.",,"=""1803147911""","=""9781803147918""",3,4.01,Bookouture,Kindle Edition,203,2022,2022,,2023/08/30,,,read,,,,1,0
123423832,The Coworker,Freida McFadden,"McFadden, Freida",,"=""172829620X""","=""9781728296203""",0,3.87,Poisoned Pen Press,Paperback,362,2023,2023,,2023/08/25,to-read,to-read (#173),to-read,,,,0,0
13079982,Fahrenheit 451,Ray Bradbury,"Bradbury, Ray",,"=""""","=""""",0,3.97,Simon & Schuster,Kindle Edition,194,2011,1953,,2023/08/25,to-read,to-read (#172),to-read,,,,0,0
24870673,De syv søstre,Lucinda Riley,"Riley, Lucinda",Benedicta Windt-Val,"=""""","=""9788202444969""",0,4.18,Cappelen Damm,Hardcover,540,2015,2014,,2023/02/21,"to-read, did-not-finish","to-read (#85), did-not-finish (#2)",to-read,,,,0,0
15811545,A Tale for the Time Being,Ruth Ozeki,"Ozeki, Ruth",,"=""0670026638""","=""9780670026630""",0,4.05,Viking,Hardcover,432,2013,2013,,2023/08/21,to-read,to-read (#171),to-read,,,,0,0
11275,The Wind-Up Bird Chronicle,Haruki Murakami,"Murakami, Haruki",Jay Rubin,"=""0965341984""","=""9780965341981""",0,4.15,Knopf,Paperback,607,1997,1994,,2023/08/21,to-read,to-read (#170),to-read,,,,0,0
59793324,Life Ceremony,Sayaka Murata,"Murata, Sayaka",Ginny Tapley Takemori,"=""0802159583""","=""9780802159588""",0,3.76,Grove Press,Hardcover,256,2022,2019,,2023/08/21,to-read,to-read (#169),to-read,,,,0,0
54633167,Lonely Castle in the Mirror,Mizuki Tsujimura,"Tsujimura, Mizuki",,"=""0857527274""","=""9780857527271""",0,4.29,Doubleday,Hardcover,355,2021,2017,,2023/08/21,to-read,to-read (#168),to-read,,,,0,0
150214397,"In Service of Death (DCI Logan Crime Thrillers, #17)",J.D. Kirk,"Kirk, J.D.",,"=""""","=""""",0,4.69,Zertex Crime,Kindle Edition,384,2023,2023,,2023/08/21,to-read,to-read (#167),to-read,,,,0,0
43822820,"The Family Upstairs (The Family Upstairs, #1)",Lisa Jewell,"Jewell, Lisa",,"=""1501190105""","=""9781501190100""",4,3.97,Atria Books,Hardcover,340,2019,2019,,2023/07/01,,,read,,,,1,0
60879779,"Everyone in My Family Has Killed Someone (Ernest Cunningham, #1)",Benjamin   Stevenson,"Stevenson, Benjamin",,"=""0063279029""","=""9780063279025""",0,3.82,Mariner Books,Hardcover,371,2023,2022,,2023/08/20,to-read,to-read (#166),to-read,,,,0,0
61897971,The Quiet Tenant,Clémence Michallon,"Michallon, Clémence",,"=""0593534646""","=""9780593534649""",0,3.92,Knopf Publishing Group,Hardcover,303,2023,2023,,2023/08/20,to-read,to-read (#165),to-read,,,,0,0
62874245,The Drowning Woman,Robyn Harding,"Harding, Robyn",,"=""1538726769""","=""9781538726761""",0,4.07,Grand Central Publishing,Hardcover,336,2023,2023,,2023/08/19,to-read,to-read (#164),to-read,,,,0,0
35297426,Then She Was Gone,Lisa Jewell,"Jewell, Lisa",,"=""1501154648""","=""9781501154645""",0,4.06,Atria Books,Hardcover,359,2018,2017,,2023/08/18,to-read,to-read (#163),to-read,,,,0,0
62334530,None of This Is True,Lisa Jewell,"Jewell, Lisa",,"=""1982179007""","=""9781982179007""",5,4.20,Atria Books,Hardcover,384,2023,2023,,2023/08/14,,,read,,,,1,0
62928579,De uverdige,Roy Jacobsen,"Jacobsen, Roy",,"=""8202774322""","=""9788202774325""",0,3.82,Cappelen Damm,Hardcover,283,2022,2022,,2023/06/16,did-not-finish,did-not-finish (#1),read,,,,1,0
62063040,"A Game of Lies (DC Morgan, #2)",Clare Mackintosh,"Mackintosh, Clare",,"=""""","=""""",0,4.11,Sphere,Kindle Edition,400,2023,2023,,2023/08/17,to-read,to-read (#162),to-read,,,,0,0
60556912,"The Housemaid (The Housemaid, #1)",Freida McFadden,"McFadden, Freida",,"=""""","=""""",5,4.34,Bookouture,Kindle Edition,338,2022,2022,,2023/06/17,,,read,,,,1,0
53968496,"The Prison Healer (The Prison Healer, #1)",Lynette Noni,"Noni, Lynette",,"=""0358434556""","=""9780358434559""",0,4.24,Clarion Books,Hardcover,416,2021,2021,,2023/08/17,to-read,to-read (#161),to-read,,,,0,0
58756064,"Litt redd, bare",Alexander Kielland Krag,"Krag, Alexander Kielland",,"=""820555255X""","=""9788205552555""",0,4.21,Gyldendal Norsk Forlag AS,Hardcover,215,2021,2021,,2023/07/30,,,read,,,,1,0
53312623,"Exodus (The Ravenhood, #2)",Kate  Stewart,"Stewart, Kate",,"=""""","=""9798672214306""",0,4.42,Independently published,Paperback,450,2020,2020,,2023/08/17,to-read,to-read (#160),to-read,,,,0,0
33131867,"The Risk (Mindf*ck, #1)",S.T. Abby,"Abby, S.T.",,"=""""","=""""",0,4.27,S.T. Abby,ebook,132,2016,2016,,2023/08/17,to-read,to-read (#159),to-read,,,,0,0
60714999,"The Serpent and the Wings of Night (Crowns of Nyaxia, #1)",Carissa Broadbent,"Broadbent, Carissa",,"=""""","=""""",0,4.37,Independently Published,Kindle Edition,532,2022,2022,,2023/08/17,to-read,to-read (#158),to-read,,,,0,0
59739150,"A Broken Blade (The Halfling Saga, #1)",Melissa Blair,"Blair, Melissa",,"=""1777927811""","=""9781777927813""",0,4.01,Nibi Books,Kindle Edition,427,2021,2021,,2023/08/17,to-read,to-read (#157),to-read,,,,0,0
41451010,"Signs of Cupidity (Heart Hassle, #1)",Raven Kennedy,"Kennedy, Raven",,"=""""","=""""",0,4.12,Raven Kennedy,Kindle Edition,178,2018,2018,,2023/08/17,to-read,to-read (#156),to-read,,,,0,0
52439531,"The Inheritance Games (The Inheritance Games, #1)",Jennifer Lynn Barnes,"Barnes, Jennifer Lynn",,"=""1368052401""","=""9781368052405""",0,4.19,"Little, Brown Books for Young Readers",Hardcover,386,2020,2020,,2023/08/13,to-read,to-read (#155),to-read,,,,0,0
40916679,"A Good Girl's Guide to Murder (A Good Girl's Guide to Murder, #1)",Holly  Jackson,"Jackson, Holly",,"=""1405293187""","=""9781405293181""",4,4.34,Electric Monkey,Paperback,433,2019,2019,,2023/07/28,,,read,,,,1,0
113487804,"Knock Knock, Open Wide",Neil Sharpson,"Sharpson, Neil",,"=""""","=""""",0,4.07,Tor Nightfire,Kindle Edition,329,2023,2023,,2023/08/12,to-read,to-read (#154),to-read,,,,0,0
27271848,"Max, Mischa & Tetoffensiven",Johan Harstad,"Harstad, Johan",,"=""""","=""9788205473140""",0,4.42,Gyldendal,Hardcover,1082,2015,2017,,2023/08/05,to-read,to-read (#153),to-read,,,,0,0
49083140,Boy Parts,Eliza  Clark,"Clark, Eliza",,"=""""","=""9781910312643""",0,3.81,Influx Press,ebook,304,2020,2020,,2023/08/05,to-read,to-read (#152),to-read,,,,0,0
23492661,Maybe in Another Life,Taylor Jenkins Reid,"Reid, Taylor Jenkins",,"=""""","=""""",0,3.80,Washington Square Press,Paperback,342,2015,2015,,2023/08/05,to-read,to-read (#151),to-read,,,,0,0
18775359,After I Do,Taylor Jenkins Reid,"Reid, Taylor Jenkins",,"=""1476712840""","=""9781476712840""",0,3.96,Washington Square Press,Paperback,334,2014,2014,,2023/08/05,to-read,to-read (#150),to-read,,,,0,0
62358270,Conquest,Nina Allan,"Allan, Nina",,"=""1529420806""","=""9781529420807""",3,3.85,riverrun,Kindle Edition,320,2023,2023,,2023/05/20,,,read,,,,1,0
43388989,The Eighth Life: for Brilka,Nino Haratischwili,"Haratischwili, Nino","Charlotte Collins, Ruth   Martin","=""1911617478""","=""9781911617471""",0,4.52,Scribe UK,Paperback,944,2019,2014,,2023/08/02,to-read,to-read (#149),to-read,,,,0,0
59357120,Yellowface,R.F. Kuang,"Kuang, R.F.",,"=""000853277X""","=""9780008532772""",0,3.89,The Borough Press,Hardcover,329,2023,2023,,2023/07/30,to-read,to-read (#148),to-read,,,,0,0
63028672,Bellies,Nicola Dinan,"Dinan, Nicola",,"=""1335490884""","=""9781335490889""",0,4.20,Hanover Square Press,Hardcover,368,2023,2023,,2023/07/30,to-read,to-read (#147),to-read,,,,0,0
63184768,Kala,Colin Walsh,"Walsh, Colin",,"=""0385549636""","=""9780385549639""",0,4.01,Doubleday,Hardcover,416,2023,2023,,2023/07/30,to-read,to-read (#146),to-read,,,,0,0
75715117,Sunburn,Chloe Michelle Howarth,"Howarth, Chloe Michelle",,"=""0857308416""","=""9780857308412""",0,4.25,VERVE Books,Paperback,288,2023,2023,,2023/07/30,to-read,to-read (#145),to-read,,,,0,0
127555313,Too Late,Colleen Hoover,"Hoover, Colleen",,"=""1538756617""","=""9781538756614""",0,4.01,Grand Central Publishing,Kindle Edition,370,2023,2016,,2023/07/28,to-read,to-read (#144),to-read,,,,0,0
61431922,"Fourth Wing (The Empyrean, #1)",Rebecca Yarros,"Yarros, Rebecca",,"=""1649374046""","=""9781649374042""",0,4.65,"Entangled Publishing, LLC (Red Tower Books)",Hardcover,528,2023,2023,,2023/07/28,to-read,to-read (#143),to-read,,,,0,0
62703226,The Only One Left,Riley Sager,"Sager, Riley",,"=""0593183223""","=""9780593183229""",0,4.16,Dutton,Hardcover,385,2023,2023,,2023/07/28,to-read,to-read (#142),to-read,,,,0,0
63104845,Penance,Eliza  Clark,"Clark, Eliza",,"=""""","=""""",5,4.11,Faber & Faber,Kindle Edition,405,2023,2023,,2023/06/10,,,read,,,,1,0
60224365,"Before Your Memory Fades (Before the Coffee Gets Cold, #3)",Toshikazu Kawaguchi,"Kawaguchi, Toshikazu",Geoffrey Trousselot,"=""0369722698""","=""9780369722690""",3,3.91,Hanover Square Press,ebook,220,2022,2018,,2023/07/25,,,read,,,,1,0
59359016,Stargate - en julefortelling,Ingvild H. Rishøi,"Rishøi, Ingvild H.",,"=""""","=""""",3,4.28,Gyldendal,Hardcover,133,2021,2021,,2023/01/05,,,read,,,,1,0
60435878,Carrie Soto Is Back,Taylor Jenkins Reid,"Reid, Taylor Jenkins",,"=""0593158687""","=""9780593158685""",4,4.22,Ballantine Books,Hardcover,384,2022,2022,,2023/01/26,,,read,,,,2,0
44427993,Terapeuten,Helene Flood,"Flood, Helene",,"=""""","=""""",4,3.37,Aschehoug,Hardcover,400,2019,2019,,2023/03/22,,,read,,,,1,0
10514311,Øst for Eden 1 (Øst for Eden #1),John Steinbeck,"Steinbeck, John",Nils Lie,"=""""","=""""",0,4.48,Den Norske Bokklubben,Hardcover,270,1970,1939,,2023/07/25,to-read,to-read (#141),to-read,,,,0,0
1941607,"The Firm (The Firm, #1)",John Grisham,"Grisham, John",,"=""0385319053""","=""9780385319058""",0,4.22,Vintage,Paperback,448,1997,1991,,2023/07/25,to-read,to-read (#140),to-read,,,,0,0
968,"The Da Vinci Code (Robert Langdon, #2)",Dan Brown,"Brown, Dan",,"=""""","=""""",0,3.91,Anchor,Paperback,489,2006,2003,,2023/07/25,to-read,to-read (#139),to-read,,,,0,0
18144124,I Am Pilgrim,Terry Hayes,"Hayes, Terry",,"=""1439177724""","=""9781439177723""",0,4.29,Atria/Emily Bestler Books,Hardcover,612,2014,2013,,2023/07/25,to-read,to-read (#138),to-read,,,,0,0
58482479,One of Us Is Dead,Jeneva Rose,"Rose, Jeneva",,"=""""","=""9798200706846""",3,3.83,Blackstone Publishing,Hardcover,272,2022,2022,,2023/07/24,,,read,,,,1,0
29939161,Radical Candor: Be a Kickass Boss Without Losing Your Humanity,Kim Malone Scott,"Scott, Kim Malone",,"=""1250103509""","=""9781250103505""",0,4.08,St. Martin's Press,Hardcover,336,2017,2017,,2023/07/16,to-read,to-read (#137),to-read,,,,0,0
16299,And Then There Were None,Agatha Christie,"Christie, Agatha",,"=""0312330871""","=""9780312330873""",3,4.28,St. Martin's Griffin,Paperback,264,2004,1939,,2023/07/07,,,read,,,,1,0
36315374,Jar of Hearts,Jennifer Hillier,"Hillier, Jennifer",,"=""1250154197""","=""9781250154194""",4,4.12,Minotaur Books,Hardcover,311,2018,2018,,2023/07/01,,,read,,,,1,0
58724923,Hidden Pictures,Jason Rekulak,"Rekulak, Jason",,"=""1250819342""","=""9781250819345""",4,4.14,Flatiron Books,Hardcover,372,2022,2022,,2023/06/30,,,read,,,,1,0
59316367,Look Closer,David Ellis,"Ellis, David",,"=""0399170928""","=""9780399170928""",0,4.26,G.P. Putnam's Sons,Hardcover,448,2022,2022,,2023/07/01,to-read,to-read (#136),to-read,,,,0,0
59947696,Wrong Place Wrong Time,Gillian McAllister,"McAllister, Gillian",,"=""0063252341""","=""9780063252349""",0,4.03,William Morrow,Hardcover,416,2022,2022,,2023/07/01,to-read,to-read (#135),to-read,,,,0,0
59808050,Daisy Darker,Alice Feeney,"Feeney, Alice",,"=""1250843936""","=""9781250843937""",0,3.78,Flatiron Books,Hardcover,338,2022,2022,,2023/07/01,to-read,to-read (#134),to-read,,,,0,0
60784636,All the Dangerous Things,Stacy Willingham,"Willingham, Stacy",,"=""1250803853""","=""9781250803856""",0,4.10,Minotaur Books,Hardcover,326,2023,2023,,2023/07/01,to-read,to-read (#133),to-read,,,,0,0
60151826,I'm a Fan,Sheena Patel,"Patel, Sheena",,"=""""","=""""",2,3.49,Rough Trade Books,,207,2022,2022,,2023/07/01,,,read,,,,1,0
7445,The Glass Castle,Jeannette Walls,"Walls, Jeannette",,"=""074324754X""","=""9780743247542""",0,4.31,Scribner,Paperback,288,2006,2005,,2023/06/30,to-read,to-read (#132),to-read,,,,0,0
52636419,The Wife Upstairs,Freida McFadden,"McFadden, Freida",,"=""""","=""""",4,4.19,Hollywood Upstairs Press,Kindle Edition,419,2020,2020,,2023/06/24,,,read,,,,1,0
49386443,Courage To Be Disliked / The Road Back to You / Mindset,Ichiro Kishimi,"Kishimi, Ichiro","Carol S. Dweck, Fumitake Koga, Ian Morgan Cron, Suzanne Stabile","=""912385930X""","=""9789123859306""",0,4.28,"Allen & Unwin/Inter-Varsity Press,US/DO NOT USE",Paperback,0,2019,,,2023/06/23,to-read,to-read (#131),to-read,,,,0,0
40963341,"Visual Intelligence: Sharpen Your Perception, Change Your Life",Amy E. Herman,"Herman, Amy E.",,"=""""","=""""",0,4.12,Eamon Dolan/Houghton Mifflin Harcourt,Kindle Edition,341,2016,2015,,2023/06/23,to-read,to-read (#130),to-read,,,,0,0
25574782,Pretty Girls,Karin Slaughter,"Slaughter, Karin",,"=""0062430874""","=""9780062430878""",3,4.04,William Morrow,Paperback,688,2015,2015,,2023/06/20,,,read,,,,1,0
61718053,Happy Place,Emily Henry,"Henry, Emily",,"=""0593441273""","=""9780593441275""",0,4.07,Berkley,Hardcover,400,2023,2023,,2023/06/20,to-read,to-read (#129),to-read,,,,0,0
62848145,"The Housemaid's Secret (The Housemaid, #2)",Freida McFadden,"McFadden, Freida",,"=""1837901317""","=""9781837901319""",4,4.29,Bookouture,Kindle Edition,318,2023,2023,,2023/06/17,,,read,,,,1,0
59718991,The Devil's Playground,Craig Russell,"Russell, Craig",,"=""0385549024""","=""9780385549028""",0,3.93,Doubleday,Kindle Edition,348,2023,2023,,2023/06/17,to-read,to-read (#128),to-read,,,,0,0
42815544,Bunny,Mona Awad,"Awad, Mona",,"=""0525559736""","=""9780525559733""",2,3.54,Viking,Hardcover,307,2019,2019,,2023/04/26,,,read,,,,1,0
13559906,Kabale mysteriet,Jostein Gaarder,"Gaarder, Jostein",Hilde Kramer,"=""8714130033""","=""9788714130039""",0,4.17,Høst & søn,,345,1992,1990,,2023/06/16,to-read,to-read (#127),to-read,,,,0,0
33385229,They Both Die at the End,Adam Silvera,"Silvera, Adam",,"=""0062457799""","=""9780062457790""",0,3.78,Quill Tree Books,Hardcover,389,2017,2017,,2023/06/16,to-read,to-read (#126),to-read,,,,0,0
21936809,"The Kind Worth Killing (Henry Kimball/Lily Kintner, #1)",Peter  Swanson,"Swanson, Peter",,"=""0062267523""","=""9780062267528""",4,4.01,William Morrow,Hardcover,320,2015,2015,,2023/05/28,,,read,,,,1,0
58690308,Book Lovers,Emily Henry,"Henry, Emily",,"=""""","=""""",4,4.16,Berkley,Hardcover,377,2022,2022,,2023/05/29,,,read,,,,1,0
45011012,Temporary,Hilary Leichter,"Leichter, Hilary",,"=""1566895669""","=""9781566895668""",2,3.75,Coffee House Press,Paperback,208,2020,2020,,2023/04/22,,,read,,,,1,0
51901147,"The Ballad of Songbirds and Snakes (The Hunger Games, #0)",Suzanne Collins,"Collins, Suzanne",,"=""""","=""""",0,3.87,Scholastic Press,Kindle Edition,541,2020,2020,,2023/06/02,to-read,to-read (#125),to-read,,,,0,0
62542871,Black Mountain,Simon Bestwick,"Bestwick, Simon",,"=""""","=""""",0,4.15,Independent Legions Publishing,Kindle Edition,296,2021,,,2023/06/02,to-read,to-read (#124),to-read,,,,0,0
61767292,"Icebreaker (Maple Hills, #1)",Hannah  Grace,"Grace, Hannah",,"=""""","=""""",0,4.00,Pig & Bear Publishing,Kindle Edition,435,2022,2022,,2023/06/02,to-read,to-read (#123),to-read,,,,0,0
27036528,Ego Is the Enemy,Ryan Holiday,"Holiday, Ryan",,"=""1591847818""","=""9781591847816""",0,4.14,Portfolio,Hardcover,226,2016,2016,,2023/05/28,to-read,to-read (#122),to-read,,,,0,0
57797679,Wahala,Nikki May,"May, Nikki",,"=""0063084244""","=""9780063084247""",4,3.66,Custom House,Hardcover,384,2022,2022,,2023/05/28,,,read,,,,1,0
50269327,Earthlings,Sayaka Murata,"Murata, Sayaka",Ginny Tapley Takemori,"=""1783785675""","=""9781783785674""",0,3.60,Granta Books,Hardcover,247,2020,2018,,2023/05/28,to-read,to-read (#121),to-read,,,,0,0
31170723,Behave: The Biology of Humans at Our Best and Worst,Robert M. Sapolsky,"Sapolsky, Robert M.",,"=""1594205078""","=""9781594205071""",0,4.41,Penguin Press,Hardcover,790,2017,2017,,2023/05/27,to-read,to-read (#120),to-read,,,,0,0
58784475,"Tomorrow, and Tomorrow, and Tomorrow",Gabrielle Zevin,"Zevin, Gabrielle",,"=""""","=""""",4,4.20,Knopf,Hardcover,401,2022,2022,,2023/01/22,,,read,,,,1,0
27362503,"It Ends with Us (It Ends with Us, #1)",Colleen Hoover,"Hoover, Colleen",,"=""""","=""""",2,4.21,Atria Books,Kindle Edition,386,2016,2016,,2022/01/14,,,read,,,,1,0
55890454,Kindred,Octavia E. Butler,"Butler, Octavia E.",,"=""1035409682""","=""9781035409686""",4,4.30,Headline,Kindle Edition,306,2020,1979,2022/09/20,2022/09/10,,,read,,,,1,0
46041465,Everything I Know About Love,Dolly Alderton,"Alderton, Dolly",,"=""0062968785""","=""9780062968784""",0,4.05,Harper,Hardcover,368,2020,2018,,2023/05/26,to-read,to-read (#119),to-read,,,,0,0
58730649,Cold Enough for Snow,Jessica Au,"Au, Jessica",,"=""1913097765""","=""9781913097769""",0,3.79,Fitzcarraldo Editions,Paperback,99,2022,2022,,2023/05/26,to-read,to-read (#118),to-read,,,,0,0
13543138,Blackberry Winter,Sarah Jio,"Jio, Sarah",,"=""0452298385""","=""9780452298385""",0,4.00,Plume,Paperback,286,2012,2012,,2023/05/26,to-read,to-read (#117),to-read,,,,0,0
33376821,Sweet Bean Paste,Durian Sukegawa,"Sukegawa, Durian",Alison  Watts,"=""1786071959""","=""9781786071958""",4,4.07,Oneworld Publications,Paperback,218,2017,2013,,2023/04/22,,,read,,,,1,0
60784605,Maame,Jessica George,"George, Jessica",,"=""""","=""""",4,4.08,St. Martin's Press,Hardcover,320,2023,2023,,2023/01/26,,,read,,,,1,0
50825491,Free Lunch Thinking: How Economics Ruins the Economy,Tom Bergin,"Bergin, Tom",,"=""1847942741""","=""9781847942746""",0,3.89,Random House Business,Paperback,320,2020,,,2023/05/23,to-read,to-read (#116),to-read,,,,0,0
61344814,Death of a Bookseller,Alice   Slater,"Slater, Alice",,"=""1529385350""","=""""",3,3.56,Hodder & Stoughton,Kindle Edition,384,2023,2023,,2023/05/05,,,read,,,,1,0
18283207,Strange Weather in Tokyo,Hiromi Kawakami,"Kawakami, Hiromi",Allison Markin Powell,"=""1846275083""","=""9781846275081""",3,3.72,Portobello Books,Paperback,176,2013,2001,,2022/12/13,,,read,,,,2,0
60450976,Children of Paradise,Camilla Grudova,"Grudova, Camilla",,"=""183895631X""","=""9781838956318""",2,3.52,Atlantic Books,Hardcover,200,2022,2022,,2023/05/16,,,read,,,,1,0
50736031,Breasts and Eggs,Mieko Kawakami,"Kawakami, Mieko","Sam Bett, David  Boyd","=""1609455878""","=""9781609455873""",0,3.87,Europa Editions,Hardcover,430,2020,2019,,2023/05/13,to-read,to-read (#115),to-read,,,,0,0
56648660,Cursed Bunny,Bora Chung,"Chung, Bora",Anton Hur,"=""1916277187""","=""9781916277182""",0,3.82,Honford Star,Paperback,251,2021,2017,,2023/05/13,to-read,to-read (#114),to-read,,,,0,0
36348525,Severance,Ling  Ma,"Ma, Ling",,"=""0374261598""","=""9780374261597""",0,3.92,"Farrar, Straus and Giroux",Hardcover,291,2018,2018,,2023/05/13,to-read,to-read (#113),to-read,,,,0,0
6449422,"1Q84 (1Q84, #2)",Haruki Murakami,"Murakami, Haruki",,"=""4103534230""","=""9784103534235""",5,4.10,Shinchosha/Tsai Fong Books,Tankobon Hardcover,397,2009,2009,,2023/04/28,,,read,,,,1,0
6443834,"1Q84 Book 1 (1Q84, #1)",Haruki Murakami,"Murakami, Haruki",,"=""4103534222""","=""9784103534228""",5,4.02,Shinchosha/Tsai Fong Books,Hardcover,554,2009,2009,,2023/04/28,,,read,,,,1,0
25189315,Smoke Gets in Your Eyes & Other Lessons from the Crematory,Caitlin Doughty,"Doughty, Caitlin",,"=""0393351904""","=""9780393351903""",0,4.22,W. W. Norton & Company,Paperback,254,2015,2014,,2023/05/05,to-read,to-read (#112),to-read,,,,0,0
7717482,"1Q84 (1Q84, #3)",Haruki Murakami,"Murakami, Haruki",村上 春樹,"=""4103534257""","=""9784103534259""",3,3.92,新潮社,Hardcover,473,2010,2010,,2023/04/28,,,read,,,,1,0
19288239,Colorless Tsukuru Tazaki and His Years of Pilgrimage,Haruki Murakami,"Murakami, Haruki",Philip Gabriel,"=""0385352107""","=""9780385352109""",0,3.87,Alfred A. Knopf,Hardcover,386,2014,2013,,2023/04/28,to-read,to-read (#111),to-read,,,,0,0
762390,The Hour of the Star,Clarice Lispector,"Lispector, Clarice",Giovanni Pontiero,"=""0811211908""","=""9780811211901""",0,4.08,New Directions,Paperback,96,1992,1977,,2023/04/26,to-read,to-read (#110),to-read,,,,0,0
38820047,Killing Commendatore,Haruki Murakami,"Murakami, Haruki",,"=""052552004X""","=""9780525520047""",0,3.91,Knopf,Hardcover,704,2018,2017,,2023/04/26,to-read,to-read (#108),to-read,,,,0,0
33413128,"Beartown (Beartown, #1)",Fredrik Backman,"Backman, Fredrik",,"=""1501163116""","=""""",4,4.29,Simon & Schuster,Kindle Edition,432,2017,2016,,2023/04/24,,,read,,,,1,0
38357895,Convenience Store Woman,Sayaka Murata,"Murata, Sayaka",Ginny Tapley Takemori,"=""""","=""""",5,3.70,Portobello Books,Paperback,163,2018,2016,,2023/04/22,,,read,,,,1,0
55251809,Terminal Boredom: Stories,Izumi Suzuki,"Suzuki, Izumi","Polly Barton, Sam Bett, David  Boyd, Daniel  Joseph, Aiko Masubuchi, Helen O'Horan","=""1788739906""","=""""",0,3.60,Verso,Kindle Edition,240,2021,2021,,2023/04/22,to-read,to-read (#107),to-read,,,,0,0
58065033,Lessons in Chemistry,Bonnie Garmus,"Garmus, Bonnie",,"=""""","=""""",2,4.31,Doubleday Books,Hardcover,390,2022,2022,,2022/07/13,,,read,,,,1,0
40597810,Daisy Jones & The Six,Taylor Jenkins Reid,"Reid, Taylor Jenkins",,"=""1524798622""","=""9781524798628""",5,4.22,Ballantine Books,Hardcover,355,2019,2019,,2023/04/22,,,read,,,,1,0
6334,Never Let Me Go,Kazuo Ishiguro,"Ishiguro, Kazuo",,"=""""","=""""",0,3.84,Vintage Books ,Paperback,288,2010,2005,,2023/04/22,to-read,to-read (#106),to-read,,,,0,0
25365,Out,Natsuo Kirino,"Kirino, Natsuo",,"=""1400078377""","=""9781400078370""",0,3.95,Vintage,Paperback,400,2005,1997,,2023/04/22,to-read,to-read (#105),to-read,,,,0,0
23395680,"Illuminae (The Illuminae Files, #1)",Amie Kaufman,"Kaufman, Amie",Jay Kristoff,"=""0553499114""","=""9780553499117""",0,4.25,Knopf Books for Young Readers,Hardcover,608,2015,2015,,2023/04/19,to-read,to-read (#104),to-read,,,,0,0
18143789,The Midnight Rose,Lucinda Riley,"Riley, Lucinda",,"=""1476703574""","=""9781476703572""",0,4.39,Atria,Paperback,496,2014,2013,,2023/04/19,to-read,to-read (#103),to-read,,,,0,0
9736930,Before I Go to Sleep,S.J. Watson,"Watson, S.J.",,"=""0062060554""","=""9780062060556""",0,3.90,HarperCollins Publishers,Hardcover,359,2011,2011,,2023/04/19,to-read,to-read (#102),to-read,,,,0,0
36057353,"Pasienten (Kajsa Coren, #5)",Trude Teige,"Teige, Trude",,"=""""","=""9788203362408""",0,3.74,Aschehoug,Hardcover,382,2017,2017,,2023/04/19,to-read,to-read (#101),to-read,,,,0,0
56804711,Elskede barn,Romy Hausmann,"Hausmann, Romy",Rune R. Moen,"=""8202705185""","=""9788202705183""",0,4.05,Cappelen Damm,ebook,,2021,2019,,2023/04/19,to-read,to-read (#100),to-read,,,,0,0
41795733,Range: Why Generalists Triumph in a Specialized World,David   Epstein,"Epstein, David",,"=""0735214484""","=""9780735214484""",0,4.14,Riverhead Books,Hardcover,352,2019,2019,,2023/04/12,to-read,to-read (#99),to-read,,,,0,0
61102619,Pandora,Susan Stokes-Chapman,"Stokes-Chapman, Susan",,"=""0063280027""","=""9780063280021""",0,3.69,Harper Perennial,Paperback,408,2023,2022,,2023/04/05,to-read,to-read (#98),to-read,,,,0,0
53550744,The Cat and The City,Nick  Bradley,"Bradley, Nick",Mariko Aruga,"=""1786499908""","=""""",4,3.85,Atlantic Books,Kindle Edition,294,2020,2020,2020/12/01,2020/12/01,,,read,,,,1,0
39744007,Café Nevo: A Novel,Barbara Rogan,"Rogan, Barbara",,"=""""","=""""",4,4.25,Open Road Media,Kindle Edition,309,2014,,,2021/11/13,,,read,,,,1,0
38819868,"My Sister, the Serial Killer",Oyinkan Braithwaite,"Braithwaite, Oyinkan",,"=""0385544235""","=""9780385544238""",4,3.68,Doubleday,Hardcover,226,2018,2018,,2023/01/05,,,read,,,,1,0
50659467,"A Court of Thorns and Roses (A Court of Thorns and Roses, #1)",Sarah J. Maas,"Maas, Sarah J.",,"=""1635575567""","=""9781635575569""",4,4.20,Bloomsbury Publishing,Paperback,419,2020,2015,,2023/02/08,,,read,,,,1,0
40884944,"Søsterklokkene (Hekne, #1)",Lars Mytting,"Mytting, Lars",,"=""8205514003""","=""9788205514003""",0,4.17,Gyldendal,Hardcover,442,2018,2018,,2023/03/27,to-read,to-read (#97),to-read,,,,0,0
58733693,Remarkably Bright Creatures,Shelby Van Pelt,"Pelt, Shelby Van",,"=""0063204150""","=""9780063204157""",5,4.42,Ecco,Hardcover,360,2022,2022,,2023/01/15,,,read,,,,2,0
52649136,Fresh Water for Flowers,Valérie Perrin,"Perrin, Valérie",Hildegarde Serle,"=""1609455959""","=""9781609455958""",3,4.28,Europa Editions,Hardcover,476,2020,2018,,2023/02/24,,,read,,,,1,0
36381037,"Cinder (The Lunar Chronicles, #1)",Marissa Meyer,"Meyer, Marissa",,"=""""","=""""",0,4.13,Feiwel & Friends,Hardcover,400,2012,2012,,2023/03/08,to-read,to-read (#96),to-read,,,,0,0
59336625,All the Lovers in the Night,Mieko Kawakami,"Kawakami, Mieko","Sam Bett, David  Boyd","=""1609456998""","=""9781609456993""",0,3.76,Europa Editions,Hardcover,224,2022,2011,,2023/03/05,to-read,to-read (#95),to-read,,,,0,0
55842121,A Matter of Death and Life,Irvin D. Yalom,"Yalom, Irvin D.",Marilyn Yalom,"=""1503613763""","=""9781503613768""",2,4.43,Redwood Press,Hardcover,240,2021,2021,,2023/01/13,,,read,,,,1,0
53799686,Anxious People,Fredrik Backman,"Backman, Fredrik",Neil   Smith,"=""1982121602""","=""9781982121600""",5,4.18,Simon & Schuster Canada,Paperback,336,2020,2019,,2023/03/01,,,read,,,,1,0
10374,Hard-Boiled Wonderland and the End of the World,Haruki Murakami,"Murakami, Haruki",Alfred Birnbaum,"=""""","=""""",0,4.13,Vintage,Paperback,400,2003,1985,,2023/02/26,to-read,to-read (#94),to-read,,,,0,0
17803,After Dark,Haruki Murakami,"Murakami, Haruki",Jay Rubin,"=""0307265838""","=""9780307265838""",0,3.74,Knopf,Hardcover,191,2007,2004,,2023/02/26,to-read,to-read (#93),to-read,,,,0,0
1232,"The Shadow of the Wind (The Cemetery of Forgotten Books, #1)",Carlos Ruiz Zafón,"Zafón, Carlos Ruiz",Lucia Graves,"=""""","=""""",0,4.29,Penguin Books,Paperback,487,2005,2001,,2023/02/26,to-read,to-read (#92),to-read,,,,0,0
35604686,The Astonishing Color of After,Emily X.R. Pan,"Pan, Emily X.R.",,"=""""","=""""",0,4.07,"Little, Brown Books for Young Readers",Hardcover,462,2018,2018,,2023/02/26,to-read,to-read (#91),to-read,,,,0,0
18166936,The Strange and Beautiful Sorrows of Ava Lavender,Leslye Walton,"Walton, Leslye",,"=""0763665665""","=""9780763665661""",0,4.04,Candlewick Press,Hardcover,301,2014,2014,,2023/02/26,to-read,to-read (#90),to-read,,,,0,0
9361589,The Night Circus,Erin Morgenstern,"Morgenstern, Erin",,"=""""","=""9780385534635""",0,4.02,Doubleday,Hardcover,400,2011,2011,,2023/02/26,to-read,to-read (#89),to-read,,,,0,0
320,One Hundred Years of Solitude,Gabriel García Márquez,"Márquez, Gabriel García",Gregory Rabassa,"=""""","=""""",0,4.11,Harper,Mass Market Paperback,417,2003,1967,,2023/02/26,to-read,to-read (#88),to-read,,,,0,0
58395050,"Yinka, Where Is Your Huzband?",Lizzie Damilola Blackburn,"Blackburn, Lizzie Damilola",,"=""0593299000""","=""9780593299005""",2,3.77,Pamela Dorman Books,Hardcover,384,2022,2022,,2023/02/25,,,read,,,,2,0
40748777,"Flock (The Ravenhood, #1)",Kate  Stewart,"Stewart, Kate",,"=""""","=""9798666886403""",0,4.14,Independently published,Paperback,354,2020,2020,,2023/02/24,to-read,to-read (#87),to-read,,,,0,0
10357575,"1Q84 (1Q84, #1-3)",Haruki Murakami,"Murakami, Haruki","Jay Rubin, Philip Gabriel","=""0307593312""","=""9780307593313""",0,3.94,Knopf,Hardcover,944,2011,2009,,2023/02/21,to-read,to-read (#86),to-read,,,,0,0
50659468,"A Court of Mist and Fury (A Court of Thorns and Roses, #2)",Sarah J. Maas,"Maas, Sarah J.",,"=""1635575583""","=""9781635575583""",3,4.64,Bloomsbury Publishing,Paperback,624,2020,2016,,2023/02/21,,,read,,,,1,0
17574849,The Guest Cat,Takashi Hiraide,"Hiraide, Takashi",Eric Selland,"=""0811221504""","=""9780811221504""",0,3.55,New Directions,Paperback,140,2014,2001,,2023/02/15,to-read,to-read (#84),to-read,,,,0,0
194746,No Longer Human,Osamu Dazai,"Dazai, Osamu",Donald Keene,"=""""","=""""",0,4.02,New Directions,Paperback,177,1958,1948,,2023/02/15,to-read,to-read (#83),to-read,,,,0,0
10429045,"Shatter Me (Shatter Me, #1)",Tahereh Mafi,"Mafi, Tahereh",,"=""0062085484""","=""9780062085481""",0,3.87,Harper,Hardcover,338,2011,2011,,2023/02/11,to-read,to-read (#82),to-read,,,,0,0
11297,Norwegian Wood,Haruki Murakami,"Murakami, Haruki",Jay Rubin,"=""0375704027""","=""9780375704024""",0,4.02,Vintage Books,Paperback,296,2000,1987,,2023/02/11,to-read,to-read (#81),to-read,,,,0,0
59227941,The Hotel Nantucket,Elin Hilderbrand,"Hilderbrand, Elin",,"=""0316258679""","=""9780316258678""",0,4.07,"Little, Brown and Company",Hardcover,416,2022,2022,,2023/01/26,to-read,to-read (#80),to-read,,,,0,0
57518629,The Last Rose of Shanghai,Weina Dai Randel,"Randel, Weina Dai",,"=""1542032873""","=""9781542032872""",0,4.14,Lake Union Publishing,Paperback,447,2021,2021,,2023/01/26,to-read,to-read (#79),to-read,,,,0,0
52268640,Memphis,Tara M. Stringfellow,"Stringfellow, Tara M.",,"=""0593230485""","=""9780593230480""",0,4.12,The Dial Press,Hardcover,272,2022,2022,,2023/01/26,to-read,to-read (#78),to-read,,,,0,0
57099323,The Magnolia Palace,Fiona  Davis,"Davis, Fiona",,"=""0593184017""","=""9780593184011""",0,3.88,Dutton,Hardcover,340,2022,2022,,2023/01/26,to-read,to-read (#77),to-read,,,,0,0
60353768,The Marriage Portrait,Maggie O'Farrell,"O'Farrell, Maggie",,"=""""","=""""",0,4.03,Knopf Publishing Group,Hardcover,355,2022,2022,,2023/01/26,to-read,to-read (#76),to-read,,,,0,0
59344312,Verity,Colleen Hoover,"Hoover, Colleen",,"=""153872474X""","=""9781538724743""",3,4.33,Grand Central Publishing,ebook,336,2021,2018,,2023/01/26,,,read,,,,1,0
43923951,Such a Fun Age,Kiley Reid,"Reid, Kiley",,"=""""","=""""",4,3.80,G.P. Putnam's Sons,Hardcover,310,2019,2019,,2023/01/22,,,read,,,,1,0
57693171,Olga Dies Dreaming,Xóchitl González,"González, Xóchitl",,"=""1250786177""","=""9781250786173""",0,4.00,Flatiron Books,Hardcover,369,2022,2022,,2023/01/15,to-read,to-read (#75),to-read,,,,0,0
57739876,To Paradise,Hanya Yanagihara,"Yanagihara, Hanya",,"=""0385547935""","=""9780385547932""",0,3.77,Doubleday,Hardcover,720,2022,2022,,2023/01/15,to-read,to-read (#74),to-read,,,,0,0
59364173,I'm Glad My Mom Died,Jennette McCurdy,"McCurdy, Jennette",,"=""""","=""""",4,4.48,Simon & Schuster,ebook,320,2022,2022,,2023/01/15,,,read,,,,1,0
166997,Stoner,John  Williams,"Williams, John",John McGahern,"=""1590171993""","=""9781590171998""",0,4.33,New York Review Books,Paperback,288,2006,1965,,2023/01/13,to-read,to-read (#73),to-read,,,,0,0
20564399,Vinternoveller,Ingvild H. Rishøi,"Rishøi, Ingvild H.",,"=""8205461309""","=""9788205461307""",0,4.28,Gyldendal,Hardcover,128,2014,2014,,2023/01/13,to-read,to-read (#72),to-read,,,,0,0
57809811,The Bread the Devil Knead,Lisa Allen-Agostini,"Allen-Agostini, Lisa",,"=""1912408988""","=""9781912408986""",0,4.04,Myriad Editions,ebook,277,2021,2021,,2023/01/11,to-read,to-read (#71),to-read,,,,0,0
24515225,The Glorious Heresies,Lisa McInerney,"McInerney, Lisa",,"=""1444798855""","=""9781444798852""",0,3.76,Hodder & Stoughton,Hardcover,384,2015,2015,,2023/01/11,to-read,to-read (#70),to-read,,,,0,0
57004637,The Book of Form and Emptiness,Ruth Ozeki,"Ozeki, Ruth",,"=""0399563644""","=""9780399563645""",0,4.04,Viking,Hardcover,548,2021,2021,,2023/01/11,to-read,to-read (#69),to-read,,,,0,0
33590210,An American Marriage,Tayari Jones,"Jones, Tayari",,"=""1616201347""","=""9781616201340""",0,3.94,Algonquin Books,Hardcover,308,2018,2018,,2023/01/11,to-read,to-read (#68),to-read,,,,0,0
33621427,Home Fire,Kamila Shamsie,"Shamsie, Kamila",,"=""0735217688""","=""9780735217683""",0,4.04,Riverhead Books,Hardcover,276,2017,2017,,2023/01/11,to-read,to-read (#67),to-read,,,,0,0
29751398,The Power,Naomi Alderman,"Alderman, Naomi",,"=""0670919985""","=""9780670919987""",0,3.77,Viking,Hardcover,341,2017,2016,,2023/01/11,to-read,to-read (#66),to-read,,,,0,0
20439328,How to Be Both,Ali Smith,"Smith, Ali",,"=""""","=""""",0,3.66,Penguin,Kindle Edition,376,2014,2014,,2023/01/11,to-read,to-read (#65),to-read,,,,0,0
18218630,A Girl Is a Half-formed Thing,Eimear McBride,"McBride, Eimear",,"=""0957185324""","=""9780957185326""",0,3.49,Galley Beggar Press,Paperback,205,2013,2013,,2023/01/11,to-read,to-read (#64),to-read,,,,0,0
16061734,May We Be Forgiven,A.M. Homes,"Homes, A.M.",,"=""0670025488""","=""9780670025480""",0,3.67,Viking,Hardcover,480,2012,2012,,2023/01/11,to-read,to-read (#63),to-read,,,,0,0
53223710,Heaven,Mieko Kawakami,"Kawakami, Mieko","Sam Bett, David  Boyd","=""1609456211""","=""9781609456214""",0,3.82,Europa Editions,Hardcover,192,2021,2009,,2023/01/11,to-read,to-read (#62),to-read,,,,0,0
58703758,Tomb of Sand,Geetanjali Shree,"Shree, Geetanjali",Daisy Rockwell,"=""""","=""""",0,3.72,Tilted Axis Press,Paperback,739,2021,2018,,2023/01/11,to-read,to-read (#61),to-read,,,,0,0
36885304,Flights,Olga Tokarczuk,"Tokarczuk, Olga",Jennifer  Croft,"=""0525534199""","=""9780525534198""",0,3.76,Riverhead Books,Hardcover,416,2018,2007,,2023/01/11,to-read,to-read (#60),to-read,,,,0,0
45755173,Djinn Patrol on the Purple Line,Deepa Anappara,"Anappara, Deepa",,"=""0593129199""","=""9780593129197""",3,3.82,Random House,Hardcover,368,2020,2020,,2023/01/10,,,read,,,,2,0
46041199,"Kim Jiyoung, Born 1982",Cho Nam-joo,"Nam-joo, Cho",Jamie Chang,"=""1631496700""","=""9781631496707""",4,4.18,Liveright,Hardcover,163,2020,2016,,2023/01/06,,,read,,,,2,0
57007429,I Hope This Finds You Well: Poems,Kate Baer,"Baer, Kate",,"=""0063137992""","=""9780063137998""",0,4.30,Harper Perennial,Paperback,96,2021,2021,,2022/12/30,to-read,to-read (#59),to-read,,,,0,0
27189194,One True Loves,Taylor Jenkins Reid,"Reid, Taylor Jenkins",,"=""""","=""""",1,4.06,Washington Square Press,Kindle Edition,352,2016,2016,,2022/10/16,,,read,,,,1,0
27071490,Homegoing,Yaa Gyasi,"Gyasi, Yaa",,"=""""","=""""",5,4.47,Alfred A. Knopf,Hardcover,305,2016,2016,,2021/11/23,,,read,,,,1,0
31307448,Behold the Dreamers,Imbolo Mbue,"Mbue, Imbolo",,"=""0008158134""","=""""",4,3.95,Fourth Estate,Kindle Edition,401,2016,2016,,2021/11/13,,,read,,,,1,0
25981433,"The Masquerading Magician (An Accidental Alchemist Mystery, #2)",Gigi Pandian,"Pandian, Gigi",,"=""073874235X""","=""9780738742359""",4,3.94,Midnight Ink,Paperback,336,2016,2016,,2022/09/08,,,read,,,,1,0
25242224,"The Story of the Lost Child (The Neapolitan Novels, #4)",Elena Ferrante,"Ferrante, Elena",Ann Goldstein,"=""1609452860""","=""9781609452865""",3,4.43,Europa Editions,Paperback,473,2015,2014,,2022/05/08,,,read,,,,1,0
24796231,The Story of My Teeth,Valeria Luiselli,"Luiselli, Valeria",Christina MacSweeney,"=""1566894093""","=""9781566894098""",4,3.49,Coffee House Press,Paperback,192,2015,2013,,2022/04/27,,,read,,,,1,0
23156040,"Those Who Leave and Those Who Stay (The Neapolitan Novels, #3)",Elena Ferrante,"Ferrante, Elena",Ann Goldstein,"=""""","=""""",4,4.34,Europa Editions,Paperback,418,2014,2013,,2022/05/08,,,read,,,,1,0
17465515,"The Story of a New Name (The Neapolitan Novels, #2)",Elena Ferrante,"Ferrante, Elena",Ann Goldstein,"=""""","=""""",4,4.43,Europa Editions,Paperback,471,2013,2012,,2022/05/08,,,read,,,,1,0
23692271,Sapiens: A Brief History of Humankind,Yuval Noah Harari,"Harari, Yuval Noah",,"=""""","=""""",4,4.37,Vintage,Paperback,512,2015,2011,,2022/09/11,,,read,,,,1,0
7005479,Island Beneath the Sea,Isabel Allende,"Allende, Isabel",,"=""0061988243""","=""9780061988240""",5,4.09,HarperVia,Hardcover,457,2010,2009,,2022/05/08,,,read,,,,1,0
1934,Little Women,Louisa May Alcott,"Alcott, Louisa May","Marta Fihel, Grzegorz Komerski, Regina Barreca","=""""","=""""",3,4.14,Signet Classics,Mass Market Paperback,449,2004,1868,,2021/11/23,,,read,,,,1,0
10210,Jane Eyre,Charlotte Brontë,"Brontë, Charlotte",Michael Mason,"=""0142437204""","=""9780142437209""",3,4.15,Penguin,Paperback,532,2003,1847,,2021/11/23,,,read,,,,1,0
5472,Animal Farm / 1984,George Orwell,"Orwell, George",Christopher Hitchens,"=""""","=""""",5,4.30,Houghton Mifflin Harcourt,Hardcover,400,2003,1949,,2021/11/30,,,read,,,,1,0
18749,Half of a Yellow Sun,Chimamanda Ngozi Adichie,"Adichie, Chimamanda Ngozi",,"=""1400044162""","=""9781400044160""",2,4.33,Knopf,Hardcover,433,2006,2006,,2022/05/28,,,read,,,,1,0
40611463,"The Clan of the Cave Bear (Earth's Children, #1)",Jean M. Auel,"Auel, Jean M.",,"=""""","=""""",3,4.09,Bantam ,Kindle Edition,516,2016,1980,,2021/11/23,,,read,,,,1,0
39999,The Boy in the Striped Pajamas,John Boyne,"Boyne, John",,"=""""","=""""",4,4.15,David Fickling Books,Hardcover,224,2006,2006,,2021/11/23,,,read,,,,1,0
149196,Eva Luna,Isabel Allende,"Allende, Isabel",,"=""0553280589""","=""9780553280586""",4,3.99,Bantam,Mass Market Paperback,307,1989,1987,,2022/05/08,,,read,,,,1,0
14497,"Neverwhere (London Below, #1)",Neil Gaiman,"Gaiman, Neil",,"=""0060557818""","=""9780060557812""",1,4.17,William Morrow Paperbacks,Paperback,370,2003,1996,,2022/04/27,,,read,,,,1,0
35900387,Eleanor Oliphant Is Completely Fine,Gail Honeyman,"Honeyman, Gail",,"=""0008172145""","=""9780008172145""",5,4.24,HarperCollins GB,Paperback,390,2018,2017,,2022/10/12,,,read,,,,3,0
50042494,Ghosts,Dolly Alderton,"Alderton, Dolly",,"=""0241434548""","=""9780241434543""",3,3.90,Fig Tree,Hardcover,352,2020,2020,,2022/12/18,,,read,,,,1,0
9328,The House of the Spirits,Isabel Allende,"Allende, Isabel",Magda Bogin,"=""0553383809""","=""9780553383805""",5,4.27,Dial Press Trade Paperback,Paperback,448,2005,1982,,2022/09/30,,,read,,,,1,0
58774738,The Couple at No. 9,Claire Douglas,"Douglas, Claire",,"=""1405943408""","=""9781405943406""",4,4.09,Penguin,Paperback,400,2021,2021,,2022/12/15,,,read,,,,1,0
10179235,Mofongo,Cecilia Samartin,"Samartin, Cecilia",,"=""""","=""9788282050739""",0,3.90,,,,2010,2010,,2022/12/08,to-read,to-read (#58),to-read,,,,0,0
18710634,Señor Peregrino,Cecilia Samartin,"Samartin, Cecilia",,"=""8282050172""","=""9788282050173""",0,3.80,Juritzen Forlag,Paperback,367,2009,2005,,2022/12/08,to-read,to-read (#57),to-read,,,,0,0
12460293,"La Peregrina (Peregrino, #2)",Cecilia Samartin,"Samartin, Cecilia",,"=""828205173X""","=""9788282051736""",0,3.89,Juritzen forl,Paperback,523,2011,2013,,2022/12/08,to-read,to-read (#56),to-read,,,,0,0
50404605,Hendelsen,Annie Ernaux,"Ernaux, Annie",Henninge Margrethe Solberg,"=""""","=""9788205533462""",0,4.32,Gyldendal Norsk Forlag,Hardcover,84,2020,2000,,2022/12/08,to-read,to-read (#55),to-read,,,,0,0
18619684,The Time Traveler's Wife,Audrey Niffenegger,"Niffenegger, Audrey",,"=""""","=""9781939126016""",0,3.99,Zola Books,ebook,537,2013,2003,,2022/12/08,to-read,to-read (#54),to-read,,,,0,0
58536046,Why Has Nobody Told Me This Before?,Julie      Smith,"Smith, Julie",,"=""0063227932""","=""9780063227934""",4,3.90,HarperOne,Hardcover,368,2022,2022,,2022/12/04,,,read,,,,1,0
50061080,"Røykteppe (Alexander Blix & Emma Ramm, #2)",Jørn Lier Horst,"Horst, Jørn Lier",Thomas Enger,"=""""","=""9788293671275""",4,3.97,Capitana,Hardcover,368,2019,2019,2022/12/04,2022/10/08,,,read,,,,1,0
56587382,The Island of Missing Trees,Elif Shafak,"Shafak, Elif",,"=""0241434998""","=""9780241434994""",3,4.16,VIKIN,Hardcover,354,2021,2021,,2022/12/04,,,read,,,,3,0
59075859,"Jente, 1983",Linn Ullmann,"Ullmann, Linn",,"=""""","=""9788249519798""",0,3.75,Forlaget Oktober,Hardcover,260,2021,2021,,2022/11/11,to-read,to-read (#53),to-read,,,,0,0
62805054,De kaller meg ulven,Zeshan Shakar,"Shakar, Zeshan",,"=""8205566380""","=""9788205566385""",0,3.81,Gyldendal,Hardcover,240,2022,2022,,2022/11/11,to-read,to-read (#52),to-read,,,,0,0
6539426,"Lucifers evangelium (Bjørn Beltø, #3)",Tom Egeland,"Egeland, Tom",,"=""""","=""9788203194740""",0,3.79,Aschehoug,Hardcover,475,2009,2009,,2022/11/11,to-read,to-read (#51),to-read,,,,0,0
2671770,"Snømannen (Harry Hole, #7)",Jo Nesbø,"Nesbø, Jo",,"=""""","=""9788203194788""",0,4.02,Aschehoug,Paperback,438,2009,2007,,2022/11/07,to-read,to-read (#50),to-read,,,,0,0
41057294,Normal People,Sally Rooney,"Rooney, Sally",,"=""1984822179""","=""9781984822178""",2,3.81,Hogarth,Hardcover,273,2019,2018,,2022/05/08,,,read,,,,1,0
6514,The Bell Jar,Sylvia Plath,"Plath, Sylvia",,"=""""","=""""",3,4.05,Harper Perennial Modern Classics,Paperback,294,2006,1963,,2022/10/28,,,read,,,,1,0
44279110,My Year of Rest and Relaxation,Ottessa Moshfegh,"Moshfegh, Ottessa",,"=""0525522131""","=""9780525522133""",1,3.66,Penguin Books,Paperback,289,2019,2018,,2022/10/28,,,read,,,,1,0
36809135,Where the Crawdads Sing,Delia Owens,"Owens, Delia",,"=""0735219117""","=""9780735219113""",3,4.40,G.P. Putnam’s Sons,ebook,384,2018,2018,,2022/05/28,,,read,,,,1,0
168642,In Cold Blood,Truman Capote,"Capote, Truman",,"=""0679745580""","=""9780679745587""",3,4.08,Vintage,Paperback,343,1994,1959,,2022/04/27,,,read,,,,1,0
48616787,The Lying Life of Adults,Elena Ferrante,"Ferrante, Elena",Ann Goldstein,"=""1609455916""","=""9781609455910""",3,3.66,Europa Editions,Hardcover,336,2020,2019,,2022/05/08,,,read,,,,1,0
57933338,Violeta,Isabel Allende,"Allende, Isabel",Frances Riddle,"=""0593496205""","=""9780593496206""",4,4.03,Ballantine Books,Paperback,322,2022,2022,,2022/05/08,,,read,,,,1,0
30555488,The Underground Railroad,Colson Whitehead,"Whitehead, Colson",,"=""0385542364""","=""9780385542364""",0,4.06,Doubleday,Hardcover,320,2016,2016,,2022/10/23,to-read,to-read (#49),to-read,,,,0,0
52692515,There's No Such Thing as an Easy Job,Kikuko Tsumura,"Tsumura, Kikuko",Polly Barton,"=""1526622246""","=""9781526622242""",5,3.61,Bloomsbury Publishing,Paperback,416,2020,2015,,2022/10/18,,,read,,,,1,0
40710152,"Nullpunkt (Alexander Blix & Emma Ramm, #1)",Jørn Lier Horst,"Horst, Jørn Lier",Thomas Enger,"=""""","=""9788293671008""",4,4.06,Capitana forlag,Hardcover,431,2018,2018,,2022/09/10,,,read,,,,1,0
32620332,The Seven Husbands of Evelyn Hugo,Taylor Jenkins Reid,"Reid, Taylor Jenkins",,"=""1501139231""","=""9781501139239""",5,4.44,Atria Books,Hardcover,389,2017,2017,,2022/10/07,,,read,,,,2,0
3087,A Room with a View,E.M. Forster,"Forster, E.M.",,"=""1420925431""","=""9781420925432""",0,3.90,Digireads.Com,Paperback,119,2005,1908,,2022/09/30,to-read,to-read (#48),to-read,,,,0,0
6952,Like Water for Chocolate,Laura Esquivel,"Esquivel, Laura","Thomas  Christensen, Carol Christensen","=""""","=""""",0,3.95,Black Swan,Paperback,222,1993,1989,,2022/09/30,to-read,to-read (#47),to-read,,,,0,0
227443,"Bridget Jones's Diary (Bridget Jones, #1)",Helen Fielding,"Fielding, Helen",,"=""014028009X""","=""9780140280098""",0,3.80,Penguin Books,Hardcover,288,1999,1996,,2022/09/30,to-read,to-read (#46),to-read,,,,0,0
9712,Love in the Time of Cholera,Gabriel García Márquez,"Márquez, Gabriel García","Edith Grossman, Carlos Marrodán Casas, Kjell Risvik","=""140003468X""","=""9781400034680""",0,3.93,Vintage International,Paperback,348,2003,1985,,2022/09/30,to-read,to-read (#45),to-read,,,,0,0
73080,"Nobody's Baby But Mine (Chicago Stars, #3)",Susan Elizabeth Phillips,"Phillips, Susan Elizabeth",,"=""0380782340""","=""9780380782345""",0,4.04,Avon Books,Mass Market Paperback,374,1997,1997,,2022/09/30,to-read,to-read (#44),to-read,,,,0,0
133241,Saving Grace,Julie Garwood,"Garwood, Julie",,"=""0671870114""","=""9780671870119""",0,4.26,Pocket Books,Paperback,407,1994,1993,,2022/09/30,to-read,to-read (#43),to-read,,,,0,0
27260362,Evig barnefri - historier om frivillig barnløshet,Heidi Helene Sveen,"Sveen, Heidi Helene",,"=""""","=""9788282821162""",0,3.64,Humanist forlag,Hardcover,191,2015,,,2022/09/15,to-read,to-read (#42),to-read,,,,0,0
33652490,Men Without Women,Haruki Murakami,"Murakami, Haruki","Phillip Gabriel, Ted Goossen","=""0385689454""","=""9780385689458""",0,3.76,Bond Street Books,Kindle Edition,242,2017,2014,,2022/09/15,to-read,to-read (#41),to-read,,,,0,0
6626516,I morgen var jeg alltid en løve,Arnhild Lauveng,"Lauveng, Arnhild",,"=""""","=""9788202264642""",0,4.29,Cappelen,Paperback,199,2006,2005,,2022/09/15,to-read,to-read (#40),to-read,,,,0,0
26828881,Mormor danset i regnet,Trude Teige,"Teige, Trude",,"=""""","=""9788203359309""",0,4.12,Aschehoug,Hardcover,315,2015,2015,,2022/09/15,to-read,to-read (#39),to-read,,,,0,0
386162,"The Hitchhiker's Guide to the Galaxy (The Hitchhiker's Guide to the Galaxy, #1)",Douglas Adams,"Adams, Douglas",,"=""""","=""""",3,4.23,Del Rey,Paperback,193,2007,1979,,2022/09/11,,,read,,,,1,0
44318414,The Dutch House,Ann Patchett,"Patchett, Ann",,"=""0062963678""","=""9780062963673""",3,4.10,Harper,Hardcover,337,2019,2019,,2022/05/08,,,read,,,,1,0
34066798,A Gentleman in Moscow,Amor Towles,"Towles, Amor",,"=""""","=""""",4,4.33,Penguin Books,Paperback,462,2019,2016,,2021/11/23,,,read,,,,1,0
31138556,Homo Deus: A History of Tomorrow,Yuval Noah Harari,"Harari, Yuval Noah",,"=""""","=""""",4,4.21,Harper,Kindle Edition,450,2017,2015,,2022/09/11,,,read,,,,1,0
52831200,"From Blood and Ash (Blood and Ash, #1)",Jennifer L. Armentrout,"Armentrout, Jennifer L.",,"=""1952457017""","=""9781952457012""",0,4.25,Blue Box Press,ebook,622,2020,2020,,2022/09/09,to-read,to-read (#38),to-read,,,,0,0
40201364,The Alchemist's Illusion (An Accidental Alchemist Mystery #4),Gigi Pandian,"Pandian, Gigi",,"=""""","=""""",0,4.23,Midnight Ink,Kindle Edition,338,2019,2019,,2022/09/08,,,read,,,,1,0
30351988,"The Elusive Elixir (An Accidental Alchemist Mystery, #3)",Gigi Pandian,"Pandian, Gigi",,"=""""","=""""",0,4.10,Midnight Ink,Kindle Edition,252,2017,2017,,2022/09/08,,,read,,,,1,0
18211628,Raushetens Tid,Kathrine Aspaas,"Aspaas, Kathrine",,"=""""","=""9788203391057""",0,3.52,Aschehoug,Hardcover,199,2012,2012,,2022/09/06,to-read,to-read (#37),to-read,,,,0,0
36315977,"Shadow and Bone (The Grisha, #1)",Leigh Bardugo,"Bardugo, Leigh",,"=""""","=""""",5,3.94,Henry Holt and Co.,Kindle Edition,369,2012,2012,,2022/09/01,,,read,,,,1,0
55457493,"The Man Who Died Twice (Thursday Murder Club, #2)",Richard Osman,"Osman, Richard",,"=""""","=""""",3,4.39,Penguin,Kindle Edition,422,2021,2021,,2022/07/30,,,read,,,,1,0
55404546,Malibu Rising,Taylor Jenkins Reid,"Reid, Taylor Jenkins",,"=""""","=""""",4,4.05,Ballantine Books,Hardcover,369,2021,2021,,2022/09/01,,,read,,,,1,0
22351151,"The Accidental Alchemist (An Accidental Alchemist Mystery, #1)",Gigi Pandian,"Pandian, Gigi",,"=""0738741841""","=""9780738741840""",5,3.76,Midnight Ink,Paperback,350,2015,2015,,2022/08/27,,,read,,,,1,0
60099651,One Last Secret,Adele Parks,"Parks, Adele",,"=""0778386775""","=""9780778386773""",2,3.71,MIRA,Paperback,368,2022,2022,,2022/08/27,,,read,,,,1,0
23437156,"Six of Crows (Six of Crows, #1)",Leigh Bardugo,"Bardugo, Leigh",,"=""""","=""""",0,4.49,Henry Holt & Company,Hardcover,465,2015,2015,,2022/08/12,to-read,to-read (#36),to-read,,,,0,0
14942,Mrs. Dalloway,Virginia Woolf,"Woolf, Virginia",Maureen Howard,"=""0151009988""","=""9780151009985""",0,3.79,Houghton Mifflin Harcourt,Hardcover,194,2002,1925,,2022/08/12,to-read,to-read (#35),to-read,,,,0,0
7235533,"The Way of Kings (The Stormlight Archive, #1)",Brandon Sanderson,"Sanderson, Brandon",,"=""0765326353""","=""9780765326355""",0,4.65,Tor Books,Hardcover,1007,2010,2010,,2022/08/05,to-read,to-read (#34),to-read,,,,0,0
50224049,How to Kill Your Family,Bella Mackie,"Mackie, Bella",,"=""0008365911""","=""9780008365912""",5,3.57,The Borough Press,Hardcover,355,2021,2021,,2022/08/03,,,read,,,,1,0
26631880,Min europeiska familj: De senaste 54 000 åren,Karin Bojs,"Bojs, Karin",Stefan Rothmaier,"=""""","=""9789100168889""",0,3.85,Albert Bonniers förlag,Hardcover,485,2015,2015,,2022/07/23,to-read,to-read (#33),to-read,,,,0,0
48741224,Skyggedanseren,Sara Omar,"Omar, Sara",,"=""8740059243""","=""9788740059243""",4,4.45,Politikens Forlag,Hardcover,416,2019,2019,,2022/07/15,,,read,,,,1,0
36855408,Dødevaskeren,Sara Omar,"Omar, Sara",,"=""""","=""9788740026979""",4,4.13,Politikens Forlag,Hardcover,336,2017,2017,,2022/07/13,,,read,,,,1,0
25152052,The Japanese Lover,Isabel Allende,"Allende, Isabel",,"=""1501116975""","=""9781501116971""",3,3.87,Atria Books,Hardcover,322,2015,2015,,2022/07/13,,,read,,,,1,0
54983506,Høyt: En reise i Himalaya,Erika Fatland,"Fatland, Erika",,"=""8248926141""","=""9788248926146""",0,4.35,Kagge,Hardcover,634,2020,,,2022/07/08,to-read,to-read (#32),to-read,,,,0,0
44698765,De uskyldige,Kristine T. G. Hardeberg,"Hardeberg, Kristine T. G.",,"=""""","=""9788283302356""",0,3.87,Liv forlag,Hardcover,410,2019,,,2022/07/08,to-read,to-read (#31),to-read,,,,0,0
58897095,Til oss - fra de eldste,Linn Skåber,"Skåber, Linn",Lisa Aisato,"=""""","=""9788284340197""",0,4.23,Pitch Forlag,Hardcover,248,2021,2021,,2022/07/08,to-read,to-read (#30),to-read,,,,0,0
55196813,"The Maid (Molly the Maid, #1)",Nita Prose,"Prose, Nita",,"=""""","=""""",4,3.79,Ballantine Books,Hardcover,304,2022,2022,,2022/06/25,,,read,,,,1,0
55853163,Looking for Bono (Twenty in 2020),Abidemi Sanusi,"Sanusi, Abidemi",,"=""1913090221""","=""9781913090227""",4,3.51,Jacaranda Books,Paperback,228,2020,,,2022/06/19,,,read,,,,1,0
25489025,The Vegetarian,Han Kang,"Kang, Han",Deborah Smith,"=""0553448188""","=""9780553448184""",3,3.58,Hogarth,Hardcover,188,2016,2007,,2022/05/23,,,read,,,,1,0
58787294,So Happy for You,Celia Laskey,"Laskey, Celia",,"=""1335426906""","=""9781335426901""",0,3.42,Hanover Square Press,Hardcover,304,2022,2022,,2022/06/19,to-read,to-read (#29),to-read,,,,0,0
24083672,Slåttekar i himmelen,Edvard Hoem,"Hoem, Edvard",,"=""""","=""9788249514847""",0,4.21,Forlaget Oktober,Hardcover,351,2014,2014,,2022/06/17,to-read,to-read (#28),to-read,,,,0,0
53734124,A Short History of Tractors in Ukrainian,Marina Lewycka,"Lewycka, Marina",,"=""""","=""""",4,3.43,Penguin ,Kindle Edition,304,2006,2005,,2020/07/02,,,read,,,,1,0
77203,The Kite Runner,Khaled Hosseini,"Hosseini, Khaled",,"=""""","=""""",4,4.34,Riverhead Books,Paperback,371,2004,2003,,2020/06/19,,,read,,,,1,0
2657,To Kill a Mockingbird,Harper Lee,"Lee, Harper",,"=""""","=""""",4,4.26,Harper Perennial Modern Classics ,Paperback,323,2006,1960,,2020/06/19,,,read,,,,1,0
19063,The Book Thief,Markus Zusak,"Zusak, Markus",,"=""""","=""""",4,4.39,Alfred A. Knopf,Hardcover,592,2006,2005,,2020/06/19,,,read,,,,1,0
454989,The House on Mango Street,Sandra Cisneros,"Cisneros, Sandra",,"=""0747560870""","=""9780747560876""",4,3.69,Bloomsbury Pub Ltd,Paperback,128,2004,1984,,2020/07/02,,,read,,,,1,0
929,Memoirs of a Geisha,Arthur Golden,"Golden, Arthur",,"=""1400096898""","=""9781400096893""",4,4.15,Vintage Books USA,Mass Market Paperback,503,2005,1997,,2020/06/19,,,read,,,,1,0
19273157,The Collected Stories of Rumpole (Penguin Modern Classics),John Mortimer,"Mortimer, John",,"=""0141198826""","=""9780141198828""",0,4.45,Penguin,Kindle Edition,646,2013,2013,,2022/05/28,to-read,to-read (#27),to-read,,,,0,0
48748138,The Glass Hotel,Emily St. John Mandel,"Mandel, Emily St. John",,"=""1509882847""","=""9781509882847""",4,3.69,Picador,Kindle Edition,321,2020,2020,,2022/05/28,,,read,,,,1,0
56199020,"How to Talk to a Science Denier: Conversations with Flat Earthers, Climate Deniers, and Others Who Defy Reason",Lee McIntyre,"McIntyre, Lee",,"=""0262046105""","=""9780262046107""",0,3.86,The MIT Press,Hardcover,264,2021,2021,,2022/05/28,to-read,to-read (#26),to-read,,,,0,0
50214441,Hamnet,Maggie O'Farrell,"O'Farrell, Maggie",,"=""1472223810""","=""""",3,4.21,Tinder Press,Kindle Edition,321,2020,2020,,2022/05/28,,,read,,,,1,0
46000520,"The Thursday Murder Club (Thursday Murder Club, #1)",Richard Osman,"Osman, Richard",,"=""""","=""""",4,3.90,Penguin,Kindle Edition,382,2020,2020,,2022/05/28,,,read,,,,1,0
40078926,Master Your Emotions: A Practical Guide to Overcome Negativity and Better Manage Your Feelings (Mastery Series Book 1),Thibaut Meurisse,"Meurisse, Thibaut",Kerry J.  Donovan,"=""""","=""""",0,4.15,,Kindle Edition,214,2018,2018,,2022/05/28,to-read,to-read (#25),to-read,,,,0,0
52104380,How Much of These Hills Is Gold,C Pam Zhang,"Zhang, C Pam",,"=""0349011443""","=""9780349011448""",2,3.80,Virago,Kindle Edition,336,2020,2020,,2022/05/28,,,read,,,,1,0
40961230,The Travelling Cat Chronicles,Hiro Arikawa,"Arikawa, Hiro",Philip Gabriel,"=""0735235244""","=""9780735235243""",5,4.33,Viking,Kindle Edition,281,2018,2012,,2022/05/08,,,read,,,,1,0
36337550,The 7 1/2 Deaths of Evelyn Hardcastle,Stuart Turton,"Turton, Stuart",,"=""""","=""""",0,3.84,Sourcebooks Landmark,Hardcover,432,2018,2018,,2022/05/26,to-read,to-read (#24),to-read,,,,0,0
6328549,Kunzelmann & Kunzelmann,Carl-Johan Vallgren,"Vallgren, Carl-Johan",,"=""9100118354""","=""9789100118358""",0,3.64,Albert Bonniers Förlag,Hardcover,533,2009,2009,,2022/05/23,to-read,to-read (#23),to-read,,,,0,0
20878481,The Girl Who Saved the King of Sweden,Jonas Jonasson,"Jonasson, Jonas",,"=""0007557884""","=""""",3,3.77,Fourth Estate,Kindle Edition,434,2014,2013,,2021/02/06,currently-reading,currently-reading (#3),currently-reading,,,,2,0
33630235,The Heart's Invisible Furies,John Boyne,"Boyne, John",,"=""""","=""""",1,4.50,Transworld Digital,Kindle Edition,575,2017,2017,,2021/11/13,currently-reading,currently-reading (#2),currently-reading,,,,2,0
24611735,Black Box Thinking: Why Some People Never Learn from Their Mistakes - But Some Do,Matthew Syed,"Syed, Matthew",,"=""1591848229""","=""9781591848226""",0,4.29,Portfolio,Hardcover,336,2015,2015,,2022/05/13,to-read,to-read (#22),to-read,,,,0,0
40121378,Atomic Habits: An Easy & Proven Way to Build Good Habits & Break Bad Ones,James Clear,"Clear, James",,"=""0735211302""","=""""",0,4.37,Avery,Kindle Edition,319,2018,2018,,2022/05/13,to-read,to-read (#21),to-read,,,,0,0
2612,The Tipping Point: How Little Things Can Make a Big Difference,Malcolm Gladwell,"Gladwell, Malcolm",,"=""0316346624""","=""9780316346627""",0,4.00,Time Warner Book Group,Paperback,301,2002,2000,,2022/05/13,to-read,to-read (#20),to-read,,,,0,0
3228917,Outliers: The Story of Success,Malcolm Gladwell,"Gladwell, Malcolm",,"=""0316017922""","=""9780316017923""",0,4.19,"Little, Brown and Company",Hardcover,309,2008,2008,,2022/05/13,to-read,to-read (#19),to-read,,,,0,0
34466963,Why We Sleep: Unlocking the Power of Sleep and Dreams,Matthew Walker,"Walker, Matthew",,"=""""","=""""",0,4.38,Scribner,Hardcover,368,2017,2017,,2022/05/13,to-read,to-read (#18),to-read,,,,0,0
36373413,"Dear Mrs. Bird (The Emmy Lake Chronicles, #1)",A.J. Pearce,"Pearce, A.J.",,"=""1501170066""","=""9781501170065""",0,3.79,Scribner,Hardcover,281,2018,2018,,2022/05/08,,,read,,,,1,0
13057939,In the Shadow of the Banyan,Vaddey Ratner,"Ratner, Vaddey",,"=""1451657706""","=""9781451657708""",0,4.07,Simon & Schuster,Hardcover,322,2012,2012,,2022/01/14,to-read,to-read (#17),to-read,,,,0,0
50202953,Piranesi,Susanna Clarke,"Clarke, Susanna",,"=""163557563X""","=""9781635575637""",5,4.23,Bloomsbury,Hardcover,272,2020,2020,,2021/12/14,,,read,,,,1,0
13623848,The Song of Achilles,Madeline Miller,"Miller, Madeline",,"=""""","=""""",0,4.34,Ecco,Paperback,408,2012,2011,,2022/01/06,to-read,to-read (#16),to-read,,,,0,0
53328812,The Child in You: The Breakthrough Method for Bringing Out Your Authentic Self,Stefanie Stahl,"Stahl, Stefanie",,"=""0143135937""","=""9780143135937""",0,4.13,Penguin Life,Paperback,352,2020,2015,,2022/01/06,to-read,to-read (#15),to-read,,,,0,0
31936168,The Unseen (The Barrøy Chronicles #1),Roy Jacobsen,"Jacobsen, Roy","Don Bartlett, Don Shaw","=""""","=""""",0,4.01,MacLehose Press,Kindle Edition,272,2016,2013,,2021/12/24,to-read,to-read (#14),to-read,,,,0,0
50358031,Leave the World Behind,Rumaan Alam,"Alam, Rumaan",,"=""0062667637""","=""9780062667632""",0,3.18,Ecco,Hardcover,241,2020,2020,,2021/12/14,to-read,to-read (#13),to-read,,,,0,0
36275478,Tante Ulrikkes vei,Zeshan Shakar,"Shakar, Zeshan",,"=""""","=""9788205509351""",0,4.26,Gyldendal,ebook,432,2017,2017,,2021/11/30,,,read,,,,1,0
43722897,The Art of Statistics: How to Learn from Data,David Spiegelhalter,"Spiegelhalter, David",,"=""1541618513""","=""9781541618510""",5,4.17,Basic Books,Hardcover,448,2019,2019,,2021/11/30,,,read,,,,1,0
17986418,Naked Statistics: Stripping the Dread from the Data,Charles Wheelan,"Wheelan, Charles",,"=""039334777X""","=""9780393347777""",0,3.95,W. W. Norton & Company,Paperback,304,2014,2012,,2021/11/30,to-read,to-read (#12),to-read,,,,0,0
51291,How to Lie with Statistics,Darrell Huff,"Huff, Darrell",Irving Geis,"=""0393310728""","=""9780393310726""",0,3.85,W. W. Norton & Company,Paperback,142,1982,1954,,2021/11/30,to-read,to-read (#11),to-read,,,,0,0
53605067,The Data Detective: Ten Easy Rules to Make Sense of Statistics,Tim Harford,"Harford, Tim",,"=""0593084675""","=""""",0,4.13,Riverhead Books,Kindle Edition,334,2021,2020,,2021/11/30,to-read,to-read (#10),to-read,,,,0,0
13588394,The Signal and the Noise: Why So Many Predictions Fail—But Some Don't,Nate Silver,"Silver, Nate",,"=""159420411X""","=""9781594204111""",0,3.97,Penguin,Hardcover,544,2012,2012,,2021/11/30,to-read,to-read (#9),to-read,,,,0,0
128029,A Thousand Splendid Suns,Khaled Hosseini,"Hosseini, Khaled",,"=""1594489505""","=""9781594489501""",0,4.43,Riverhead Books,Hardcover,372,2007,2007,,2021/11/23,,,read,,,,1,0
4667024,The Help,Kathryn Stockett,"Stockett, Kathryn",,"=""0399155341""","=""9780399155345""",0,4.47,G.P. Putnam's Sons,Hardcover,464,2009,2009,,2021/11/23,,,read,,,,1,0
25571957,A Little Life,Hanya Yanagihara,"Yanagihara, Hanya",,"=""1035035030""","=""9781035035038""",1,4.34,Picador,Kindle Edition,737,2015,2015,,2020/10/15,,,read,,,,1,0
51158488,Transcendent Kingdom,Yaa Gyasi,"Gyasi, Yaa",,"=""""","=""""",4,4.12,Penguin,Kindle Edition,267,2020,2020,,2021/11/13,,,read,,,,1,0
18866124,The Little Coffee Shop of Kabul,Deborah Rodriguez,"Rodriguez, Deborah",,"=""""","=""""",3,3.66,Sphere,Kindle Edition,316,2012,2011,,2021/02/17,,,read,,,,1,0
23245499,Concepts of Pattern Grading: Techniques for Manual and Computer Grading,Kathy K. Mullet,"Mullet, Kathy K.",,"=""1628922303""","=""9781628922301""",0,2.83,Fairchild Books,Paperback,240,2015,2015,,2021/11/23,to-read,to-read (#8),to-read,,,,0,0
51063,"Professional Pattern Grading for Women'S, Men'S, and Children's Apparel",Jack Handford,"Handford, Jack",,"=""1563673193""","=""9781563673191""",0,3.92,Fairchild Books,Paperback,264,2003,1980,,2021/11/23,to-read,to-read (#7),to-read,,,,0,0
763858,Patternmaking for Fashion Design,Helen Joseph Armstrong,"Armstrong, Helen Joseph","Vincent James Maruzzi, Kathryn Hagen","=""0131112112""","=""9780131112117""",0,4.22,Pearson College Div,Ring-bound,805,2005,1987,,2021/11/23,to-read,to-read (#6),to-read,,,,0,0
50366278,A Manual for Cleaning Women: Selected Stories,Lucia Berlin,"Berlin, Lucia",,"=""""","=""""",0,4.20,Picador,Kindle Edition,433,2020,2015,,2021/11/13,currently-reading,currently-reading (#1),currently-reading,,,,1,0
36373574,The Good Earth (Graphic Adaptation),Nick Bertozzi,"Bertozzi, Nick",Pearl S. Buck,"=""1501132776""","=""9781501132773""",4,3.81,Simon & Schuster,Paperback,144,2018,2017,,2020/07/02,,,read,,,,1,0
2115195,Mengele Zoo (Mino-series #1),Gert Nygårdshaug,"Nygårdshaug, Gert",,"=""""","=""9788202278038""",5,4.25,Cappelen,Paperback,454,1994,1989,,2021/11/13,,,read,,,,1,0
5129,Brave New World,Aldous Huxley,"Huxley, Aldous",,"=""0060929871""","=""9780060929879""",3,3.99,HarperPerennial / Perennial Classics,Paperback,268,1998,1932,,2021/11/13,,,read,,,,1,0
33600,Shantaram,Gregory David Roberts,"Roberts, Gregory David",,"=""192076920X""","=""9781920769208""",5,4.27,Scribe,Paperback,936,2004,2003,,2021/11/13,,,read,,,,1,0
35036409,"My Brilliant Friend (The Neapolitan Novels, #1)",Elena Ferrante,"Ferrante, Elena",Ann Goldstein,"=""""","=""""",5,4.03,Penguin Random House ,Paperback,331,2012,2011,,2021/11/13,,,read,,,,1,0
11272945,The Life and Loves of a She Devil,Fay Weldon,"Weldon, Fay",,"=""""","=""""",4,3.76,Sceptre,Kindle Edition,260,2009,1983,,2021/11/13,,,read,,,,1,0
12970777,Kafka on the Shore,Haruki Murakami,"Murakami, Haruki",,"=""""","=""""",5,4.13,Vintage Digital,Kindle Edition,512,2011,2002,,2021/11/13,,,read,,,,1,0
56604690,Elizabeth is Missing,Emma Healey,"Healey, Emma",,"=""""","=""""",3,3.72,Penguin,Kindle Edition,323,2014,2014,,2021/11/13,,,read,,,,1,0
32686192,Everything is Illuminated,Jonathan Safran Foer,"Foer, Jonathan Safran",,"=""""","=""""",4,3.89,Penguin,Kindle Edition,292,2016,2002,,2021/11/13,,,read,,,,1,0
42863287,"Siege and Storm (Grisha Verse, #2)",Leigh Bardugo,"Bardugo, Leigh",,"=""""","=""""",4,3.82,Orion Children's Books,Kindle Edition,386,2013,2013,,2021/11/13,,,read,,,,1,0
22547630,"Ruin and Rising (Shadow and Bone, #3)",Leigh Bardugo,"Bardugo, Leigh",,"=""""","=""""",4,4.00,Orion Children's Books,Kindle Edition,369,2014,2014,,2021/11/13,,,read,,,,1,0
35067442,Conversations with Friends,Sally Rooney,"Rooney, Sally",,"=""""","=""""",4,3.77,Faber & Faber,Kindle Edition,304,2017,2017,,2021/11/13,,,read,,,,1,0
51955934,The Midnight Library,Matt Haig,"Haig, Matt",,"=""""","=""""",4,4.01,Canongate Books,Kindle Edition,304,2020,2020,,2021/11/13,,,read,,,,1,0
52518239,A Long Petal of the Sea,Isabel Allende,"Allende, Isabel","Amanda Hopkinson, Nick Caistor","=""1526615924""","=""9781526615923""",5,4.06,Bloomsbury Publishing,Kindle Edition,319,2020,2019,,2021/11/13,,,read,,,,1,0
37826561,Educated,Tara Westover,"Westover, Tara",,"=""""","=""""",5,4.47,Cornerstone Digital,Kindle Edition,382,2018,2018,,2021/11/13,,,read,,,,1,0
56644843,We Are All Birds of Uganda,Hafsa Zayyan,"Zayyan, Hafsa",,"=""""","=""""",4,4.04,Merky Books Digital,Kindle Edition,370,2021,2021,,2021/11/13,,,read,,,,1,0
56038832,Small Pleasures,Clare Chambers,"Chambers, Clare",,"=""1474613918""","=""""",3,3.79,Weidenfeld & Nicolson,Kindle Edition,301,2020,2021,,2021/11/13,,,read,,,,1,0
40950983,Daisy Jones & The Six,Taylor Jenkins Reid,"Reid, Taylor Jenkins",,"=""""","=""""",4,4.22,Cornerstone Digital,Kindle Edition,336,2019,2019,,2021/11/13,,,read,,,,1,0
22255527,We Were Liars,E. Lockhart,"Lockhart, E.",,"=""""","=""""",2,3.68,Hot Key Books,Kindle Edition,242,2014,2014,,2021/11/13,,,read,,,,1,0
55111243,Klara and the Sun,Kazuo Ishiguro,"Ishiguro, Kazuo",,"=""""","=""""",3,3.75,Faber & Faber,Kindle Edition,248,2021,2021,,2021/11/13,,,read,,,,1,0
43611796,"The Unhoneymooners (Unhoneymooners, #1)",Christina Lauren,"Lauren, Christina",,"=""0349417601""","=""9780349417608""",3,3.93,Piatkus,Kindle Edition,434,2019,2019,,2021/11/13,,,read,,,,1,0
53649595,The Mountains Sing: Runner-up for the 2021 Dayton Literary Peace Prize,Nguyễn Phan Quế Mai,"Mai, Nguyễn Phan Quế",,"=""""","=""""",5,4.32,Oneworld Publications,Kindle Edition,353,2020,2020,,2021/11/13,,,read,,,,1,0
50538538,The Vanishing Half,Brit Bennett,"Bennett, Brit",,"=""034970144X""","=""""",4,4.16,Dialogue Books,Kindle Edition,346,2020,2020,2021/07/05,2021/07/05,,,read,,,,1,0
52328591,The Final Game (MCM Investigations #1),Caimh McDonnell,"McDonnell, Caimh",,"=""1912897091""","=""""",4,4.39,McFori Ink,Kindle Edition,368,2020,2020,,2021/02/06,,,read,,,,1,0
50212494,The Flatshare,Beth O'Leary,"O'Leary, Beth",,"=""""","=""""",2,4.02,Quercus,Kindle Edition,329,2019,2019,,2021/02/06,,,read,,,,1,0
13005587,Wild Swans: Three Daughters of China,Jung Chang,"Chang, Jung",,"=""0007379870""","=""""",5,4.27,Harper Perennial,Kindle Edition,720,2011,1991,,2021/01/12,,,read,,,,1,0
386482,The Four Agreements: A Practical Guide to Personal Freedom (A Toltec Wisdom Book),Miguel Ruiz,"Ruiz, Miguel",,"=""1878424319""","=""9781878424310""",4,4.18,"Amber-Allen Publishing, Incorporated",Paperback,140,1997,1997,,2020/10/15,,,read,,,,1,0
42285012,The Beekeeper of Aleppo,Christy Lefteri,"Lefteri, Christy",,"=""""","=""""",3,4.17,Zaffre,Kindle Edition,337,2019,2019,,2020/10/15,,,read,,,,1,0
40888865,Less,Andrew Sean Greer,"Greer, Andrew Sean",,"=""""","=""""",3,3.64,Abacus,Kindle Edition,234,2018,2017,,2020/10/15,,,read,,,,1,0
52146466,Before the Coffee Gets Cold,Toshikazu Kawaguchi,"Kawaguchi, Toshikazu",Geoffrey Trousselot,"=""1035034506""","=""9781035034505""",5,3.71,Picador,Kindle Edition,227,2019,2015,,2020/10/15,,,read,,,,1,0
45134200,The Switch,Beth O'Leary,"O'Leary, Beth",,"=""1787475018""","=""""",4,3.97,Quercus,Kindle Edition,336,2020,2020,,2020/10/15,,,read,,,,1,0
51147721,Dominicana,Angie Cruz,"Cruz, Angie",,"=""152930489X""","=""""",3,4.12,John Murray,Kindle Edition,334,2019,2019,2020/07/12,2020/07/12,,,read,,,,1,0
44064191,The Sympathizer,Viet Thanh Nguyen,"Nguyen, Viet Thanh",,"=""""","=""""",5,4.00,Corsair,Kindle Edition,384,2015,2015,,2020/07/02,,,read,,,,1,0
52164381,Queenie,Candice Carty-Williams,"Carty-Williams, Candice",,"=""""","=""""",4,3.87,Trapeze,Kindle Edition,353,2020,2019,,2020/07/02,,,read,,,,1,0
49933606,"Girl, Woman, Other",Bernardine Evaristo,"Evaristo, Bernardine",,"=""""","=""""",4,4.30,Penguin,Paperback,453,2020,2019,,2020/07/02,,,read,,,,1,0
266466,Fiesta: The Sun Also Rises,Ernest Hemingway,"Hemingway, Ernest",,"=""0099908506""","=""9780099908500""",2,3.80,Arrow Books,Mass Market Paperback,216,1994,1926,,2020/07/02,,,read,,,,1,0
588234,Ceremony,Leslie Marmon Silko,"Silko, Leslie Marmon",,"=""0140086838""","=""9780140086836""",0,3.83,Penguin Books,Paperback,262,1986,1977,,2020/06/20,to-read,to-read (#5),to-read,,,,0,0
11206,In the Time of the Butterflies,Julia Alvarez,"Alvarez, Julia",,"=""0452274427""","=""9780452274426""",0,4.15,Plume,Paperback,324,1995,1994,,2020/06/20,to-read,to-read (#4),to-read,,,,0,0
35658977,"The Lost Future of Pepperharrow (The Watchmaker of Filigree Street, #2)",Natasha Pulley,"Pulley, Natasha",,"=""1408885190""","=""9781408885192""",0,4.30,Bloomsbury Publishing,ebook,512,2020,2020,,2020/06/19,to-read,to-read (#3),to-read,,,,0,0
206223,The Gangster We Are All Looking For,Lê Thi Diem Thúy,"Thúy, Lê Thi Diem",,"=""0375700021""","=""9780375700026""",0,3.67,Anchor Books,Paperback,160,2004,2003,,2020/06/19,to-read,to-read (#2),to-read,,,,0,0
35051839,Pachinko,Min Jin Lee,"Lee, Min Jin",,"=""178669137X""","=""9781786691378""",5,4.33,Head of Zeus,Paperback,537,2017,2017,,2020/06/19,,,read,,,,1,0
48503963,"The Evening and the Morning (Kingsbridge, #0)",Ken Follett,"Follett, Ken",,"=""144727878X""","=""9781447278788""",0,4.38,Macmillan,Hardcover,817,2020,2020,,2020/06/19,to-read,to-read (#1),to-read,,,,0,0
18143977,All the Light We Cannot See,Anthony Doerr,"Doerr, Anthony",,"=""1476746583""","=""9781476746586""",3,4.32,Scribner,Hardcover,531,2014,2014,,2020/06/19,,,read,,,,1,0
40961427,1984,George Orwell,"Orwell, George",,"=""""","=""""",5,4.19,Houghton Mifflin Harcourt,Kindle Edition,298,2013,1949,,2020/06/19,,,read,,,,1,0
947755,Monkey Hunting: A Novel (Ballantine Reader's Circle),Cristina García,"García, Cristina",,"=""0345466101""","=""9780345466105""",4,3.65,Ballantine Books,Paperback,288,2004,2003,,2020/06/19,,,read,,,,1,0
774310,Animal Farm,George Orwell,"Orwell, George",,"=""""","=""""",5,3.98,Penguin Books,Paperback,120,2000,1945,,2020/06/19,,,read,,,,1,0
